"","ID","Type","Recovery","SacTime","Sodium","Potassium","tCO2","CK","Glucose","CA","BUN","AST","TBIL","ALB","TP","GLOB","WBC","AbsLYM","AbsMON","AbsNEU","LYp","MOp","NEp","RBC","HGB","HCT","MCV","MCH","MCHC","RDWc","PLT","PCT","MPV","PDWc","log_CK","log_AST"
"1","m190061","EHS","hit1","min30",NA,NA,NA,NA,NA,NA,NA,NA,NA,NA,NA,NA,NA,NA,NA,NA,NA,NA,NA,NA,NA,NA,NA,NA,NA,NA,NA,NA,NA,NA,NA,NA
"2","m190074","EHS","hit1","min30",161,5.2,16,1073,65,11,63,1003,0.4,5.1,6.4,1.3,NA,NA,NA,NA,NA,NA,NA,NA,NA,NA,NA,NA,NA,NA,NA,NA,NA,NA,697.82137426307,691.075078796194
"3","m190105","EHS","hit1","min30",167,5.3,15,503,85,11.4,68,342,0.5,5,6.8,1.8,1.81,1.57,0.05,0.18,87.1,3,9.9,11.47,17.2,48.03,42,15,35.8,18,661,0.38,5.7,29.1,622.059017009974,583.481073706261
"4","m190118","EHS","hit1","min30",163,4.5,18,376,84,11,80,315,0.4,5,7,2,1.23,0.98,0.06,0.19,79.2,5.1,15.7,12.02,16.8,49.4,41,13.9,33.9,17.8,897,0.52,5.8,30.2,592.958914338989,575.257263882563
"5","m190125","EHS","hit1","min30",161,4.8,18,1140,84,11.3,81,382,0.3,5.3,6.6,1.3,1.56,1.32,0.04,0.2,84.8,2.5,12.7,12.08,16.7,49.11,41,13.8,34.1,17.5,759,0.42,5.5,29.1,703.878354138854,594.542060860658
"6","m190163","EHS","hit1","min30",159,3.9,13,769,90,10.9,79,445,0.4,4.7,6.4,1.7,2.42,2.07,0.08,0.27,85.6,3.3,11.1,10.38,16.4,41.36,40,15.8,39.5,17.5,549,0.31,5.6,29.6,664.509096950564,609.807428216624
"7","m190242","EHS","hit1","min30",161,4.1,15,647,79,11.4,67,385,0.3,4.9,7,2.2,1.29,1.15,0.07,0.07,89.4,5.3,5.3,12.47,18.2,52.02,42,14.6,34.9,18.1,859,0.48,5.6,29.6,647.23462945009,595.324333428778
"8","m200025","EHS","hit1","min30",158,4.6,20,622,66,11.2,65,1120,0.4,4.9,6.7,1.8,1.12,0.97,0.05,0.1,87,4,9,10.99,16.4,44.74,41,14.9,36.6,17.5,663,0.36,5.4,29.1,643.294009273918,702.108396428914
"9","m200044","EHS","hit1","min30",161,4.8,21,352,76,11,71,516,0.3,4.8,6.6,1.8,2.23,1.89,0.1,0.25,84.4,4.5,11.1,11.55,17.1,46.99,41,14.8,36.3,17.5,658,0.37,5.7,29.6,586.36311755981,624.610676548156
"10","m190062","EHS","hit1","hr3",154,4.8,17,761,137,10.2,48,774,0.3,4.5,5.8,1.3,1.39,0.48,0.16,0.75,34.6,11.6,53.8,10.15,15.3,41.46,41,15.1,36.9,16.6,647,0.38,5.8,29.1,663.463335786169,665.157187358973
"11","m190075","EHS","hit1","hr3",NA,NA,NA,NA,NA,NA,NA,NA,NA,NA,NA,NA,3.57,1.63,0.33,1.62,45.5,9.2,45.3,10.89,15.6,44.87,41,14.3,34.7,16.9,582,0.33,5.7,30.2,NA,NA
"12","m190106","EHS","hit1","hr3",155,5.6,17,1079,178,11.1,45,403,0.2,4.6,5.8,1.2,NA,NA,NA,NA,NA,NA,NA,NA,NA,NA,NA,NA,NA,NA,NA,NA,NA,NA,698.378996525813,599.893656194668
"13","m190119","EHS","hit1","hr3",155,5.8,12,739,234,10.3,54,754,0.3,4,5.7,1.7,NA,NA,NA,NA,NA,NA,NA,NA,NA,NA,NA,NA,NA,NA,NA,NA,NA,NA,660.52979209482,662.539236800796
"14","m190126","EHS","hit1","hr3",156,4.8,17,657,160,11.9,57,539,0.4,4.9,6.2,1.3,1.31,0.43,0.1,0.79,32.4,7.5,60.1,11.63,16.3,47.87,41,14,34.1,16.6,783,0.43,5.6,29.1,648.768401848461,628.9715570909
"15","m190139","EHS","hit1","hr3",156,5.8,15,711,177,11,46,847,0.4,4.7,6.1,1.4,1.51,0.46,0.04,1.01,30.3,2.8,66.9,10.85,15.8,46.2,43,14.6,34.2,18,645,0.37,5.7,29.6,656.667242980324,674.170069465206
"16","m190151","EHS","hit1","hr3",153,5.5,16,2046,234,10.5,53,641,0.3,4.5,5.7,1.2,NA,NA,NA,NA,NA,NA,NA,NA,NA,NA,NA,NA,NA,NA,NA,NA,NA,NA,762.364194651157,646.302945692067
"17","m200035","EHS","hit1","hr3",155,5.1,18,1279,147,10.4,53,1550,0.4,4.2,5.6,1.5,8.62,4.85,0.75,3.02,56.2,8.7,35.1,10.08,14.5,40.82,40,14.4,35.5,16.9,156,0.08,5.3,30.7,715.383380157884,734.601020991329
"18","m200045","EHS","hit1","hr3",157,4.8,15,681,156,11,73,425,0.5,4.5,6.2,1.7,2.34,0.64,0.19,1.51,27.4,8.2,64.4,11.33,16.2,45.86,40,14.3,35.2,16.9,508,0.29,5.7,30.2,652.356230614951,605.208916892442
"19","m190004","EHS","hit1","d1",NA,NA,NA,NA,NA,NA,NA,NA,NA,NA,NA,NA,14.76,10.82,0.72,3.22,73.3,4.9,21.8,8.44,13.1,35.69,42,15.5,36.7,16.8,172,0.11,6.3,36.6,NA,NA
"20","m190010","EHS","hit1","d1",147,4.8,21,240,228,9.7,21,80,0.5,4,4.8,0.8,14.3,11.41,1.74,1.16,79.7,12.1,8.1,8.56,12.7,36.22,42,14.8,35,16.3,147,0.11,7.4,38.9,548.063892334199,438.202663467388
"21","m190088","EHS","hit1","d1",147,5.6,21,400,235,9.1,24,155,0.3,3.7,4.6,0.9,13.84,10.71,1.83,1.3,77.4,13.2,9.4,9.11,13,39.34,43,14.3,33.2,16.8,149,0.09,6.3,35.6,599.146454710798,504.342511691925
"22","m190120","EHS","hit1","d1",148,6.3,26,687,231,9.7,17,290,0.5,4,4.6,0.7,7.33,5.62,0.06,1.65,76.6,0.8,22.6,9.83,13.6,40.67,41,13.8,33.4,16.9,459,0.26,5.7,30.7,653.233429222235,566.988092298052
"23","m190140","EHS","hit1","d1",NA,NA,NA,NA,NA,NA,NA,NA,NA,NA,NA,NA,14.2,10.93,1.89,1.38,77,13.3,9.7,9.25,13,38.44,42,14.1,33.9,16.6,282,0.17,5.9,31.7,NA,NA
"24","m190152","EHS","hit1","d1",148,5.8,28,209,240,9.5,19,142,0.5,4,4.8,0.8,10.26,9.04,1.12,0.1,88.1,10.9,1,9.34,13.1,38.86,42,14,33.7,16.6,502,0.32,6.3,30.2,534.233425196481,495.582705760126
"25","m190217","EHS","hit1","d1",144,6,24,131,269,9.1,19,69,0.7,3.1,4.2,1.1,12.76,10.83,0.04,1.88,84.9,0.3,14.8,8.5,11.8,35.97,42,13.8,32.7,17.7,281,0.2,7,33.8,487.519732320115,423.410650459726
"26","m190229","EHS","hit1","d1",143,4.5,17,176,234,8.9,26,76,0.3,3.1,4.4,1.3,5.79,4.88,0.26,0.65,84.3,4.5,11.2,8.12,13.1,33.8,42,16.2,38.8,17.2,492,0.27,5.4,28.5,517.048399503815,433.073334028633
"27","m190241","EHS","hit1","d1",149,5.5,25,493,214,9.7,18,231,0.5,3.6,4.9,1.3,14.29,10.9,1.09,2.31,76.3,7.6,16.1,9.31,13.2,38.45,41,14.2,34.3,16.9,235,0.15,6.4,36.6,620.050917404269,544.241771052179
"28","m190063","EHS","hit1","d7",147,5.5,23,207,197,9.9,21,62,0.5,3.7,4.7,1,6.51,5.16,0.35,1,79.3,5.4,15.3,9.23,13.2,37.89,41,14.3,34.9,17.2,823,0.46,5.6,28.5,533.271879326537,412.713438504509
"29","m190076","EHS","hit1","d7",148,5.8,26,262,184,9.7,21,68,0.5,3.7,4.8,1.1,5.68,4.54,0.07,1.07,79.9,1.3,18.8,9.52,13.1,40.61,43,13.8,32.3,16.8,802,0.44,5.5,29.1,556.83445037611,421.950770517611
"30","m190089","EHS","hit1","d7",147,5.3,23,346,212,9.5,23,88,0.4,3.7,4.8,1.2,7.21,5.88,0.33,1,81.5,4.5,13.9,9.24,13.6,37.92,41,14.7,35.7,16.6,892,0.54,6,29.1,584.643877505772,447.733681447821
"31","m190127","EHS","hit1","d7",150,5,21,337,170,9.9,29,87,0.4,3.9,5,1.1,7.58,5.96,0.21,1.41,78.7,2.7,18.6,9.66,13.1,40.06,41,13.5,32.6,16.9,653,0.36,5.5,29.6,582.008293035236,446.590811865458
"32","m190199","EHS","hit1","d7",149,5.3,22,195,184,10,24,64,0.4,3.8,5.1,1.3,5.53,3.98,0.37,1.18,71.9,6.7,21.4,9.88,15.3,41.64,42,15.5,36.7,17.5,851,0.5,5.8,29.1,527.299955856375,415.888308335967
"33","m190204","EHS","hit1","d7",146,4.8,26,196,209,9.6,26,64,0.4,3.7,5,1.3,12.27,9.08,1.19,1.99,74,9.7,16.2,9.31,13,38.35,41,13.9,33.8,17.2,644,0.39,6.1,32.2,527.811465923052,415.888308335967
"34","m200001","EHS","hit1","d7",148,5,22,342,258,9.5,24,86,0.4,3.4,4.7,1.3,NA,NA,NA,NA,NA,NA,NA,NA,NA,NA,NA,NA,NA,NA,NA,NA,NA,NA,583.481073706261,445.434729625351
"35","m200013","EHS","hit1","d7",154,5.6,27,372,220,9.9,28,64,0.4,3.5,5,1.5,6.52,4.42,0.04,2.07,67.7,0.6,31.7,9.44,13.6,39.09,41,14.4,34.8,17.2,578,0.34,5.9,30.2,591.889385427315,415.888308335967
"36","m200036","EHS","hit1","d7",149,5.2,23,138,189,8.9,22,61,0.5,3,4.5,1.5,5.82,4.16,0.2,1.46,71.5,3.5,25.1,8.64,12.4,35.6,41,14.3,34.8,17.8,646,0.37,5.7,29.6,492.725368515721,411.087386417331
"37","m190033","EHS","hit2rec1","min30",NA,NA,NA,NA,NA,NA,NA,NA,NA,NA,NA,NA,0.79,0.39,0.02,0.38,49.6,3.1,47.2,9.8,14.3,42,43,14.6,34.1,17.7,377,0.22,5.9,31.7,NA,NA
"38","m190034","EHS","hit2rec1","min30",160,5.4,15,1150,107,10.6,62,1601,0.4,5.1,6.4,1.4,1.19,0.5,0.12,0.57,42.3,9.9,47.8,11.35,15.9,47.26,42,14,33.7,17.5,606,0.34,5.6,30.2,704.75172213573,737.838371299671
"39","m190037","EHS","hit2rec1","min30",152,7.5,15,3393,209,9.9,54,1908,0.4,4.2,5.5,1.2,4.44,2.71,0.38,1.36,60.9,8.5,30.6,10.11,14.6,41.87,41,14.4,34.8,16.8,269,0.16,5.8,33.8,812.946976478423,755.381085200823
"40","m190038","EHS","hit2rec1","min30",154,5.4,18,1618,136,10.1,51,911,0.4,4.5,5.6,1.1,0.76,0.54,0.03,0.19,70.5,4,25.5,10.6,14.7,45.6,43,13.9,32.3,17.4,510,0.29,5.6,29.6,738.894609761844,681.454289725996
"41","m190090","EHS","hit2rec1","min30",153,4.5,17,394,114,10.3,63,443,0.4,4.7,5.9,1.2,1.02,0.6,0.07,0.35,59.1,6.8,34.1,10.29,15.3,42.18,41,14.9,36.4,16.9,597,0.34,5.7,29.6,597.635090929793,609.356977004514
"42","m190128","EHS","hit2rec1","min30",156,4.9,19,1651,118,10.3,42,795,0.3,4.2,5.6,1.4,1.43,0.44,0.16,0.83,30.7,11.4,57.9,10.9,15.1,44.96,41,13.8,33.5,17.5,497,0.28,5.6,29.1,740.913644392013,667.834211465433
"43","m190129","EHS","hit2rec1","min30",153,5.4,17,435,144,9.6,37,304,0.5,4.2,5.5,1.2,1.05,0.61,0.07,0.37,58.2,6.4,35.4,9.95,14,42.23,42,14,33.1,17.4,503,0.31,6.2,29.1,607.534603108868,571.702770140622
"44","m200014","EHS","hit2rec1","min30",156,4.8,20,1011,232,10.4,51,769,0.4,4.2,5.5,1.3,2.43,1.47,0.13,0.83,60.5,5.5,34,10.38,14.4,42.02,40,13.9,34.3,17.2,542,0.36,6.6,30.2,691.869521902047,664.509096950564
"45","m200026","EHS","hit2rec1","min30",155,4.2,15,333,86,10.6,56,1196,0.5,4.5,6.1,1.6,1.08,0.56,0.12,0.4,51.7,11.2,37.1,11.3,15.4,45.97,41,13.7,33.6,17.5,518,0.29,5.6,29.6,580.814248998044,708.673793451058
"46","m190065","EHS","hit2rec1","hr3",151,6.3,12,2392,275,8.9,28,731,0.5,4,5.1,1.1,0.7,0.31,0.08,0.31,44,11.9,44.1,9.64,13.8,41.53,43,14.4,33.3,17.4,507,0.3,5.9,29.1,777.988511507052,659.441345974978
"47","m190078","EHS","hit2rec1","hr3",154,6,17,2587,162,10.4,37,798,0.1,4.3,5.6,1.3,NA,NA,NA,NA,NA,NA,NA,NA,NA,NA,NA,NA,NA,NA,NA,NA,NA,NA,785.825418218603,668.210859744981
"48","m190097","EHS","hit2rec1","hr3",151,8,13,5070,132,9.2,37,1120,0.2,4.2,5.3,1.1,0.96,0.45,0.08,0.42,47.1,8.9,44,9.38,14,38.69,41,14.9,36.2,16.3,536,0.3,5.5,29.1,853.109609658523,702.108396428914
"49","m190108","EHS","hit2rec1","hr3",148,5,13,1577,190,9.3,35,1113,0.3,3.9,5.1,1.2,0.7,0.3,0.07,0.33,42.4,10,47.6,9.71,14.2,41.69,43,14.6,34.1,17.1,491,0.27,5.5,28.5,736.327958696304,701.481435127555
"50","m190121","EHS","hit2rec1","hr3",157,5.5,20,405,155,10.1,33,554,0.2,4.1,5.2,1.1,3.77,2.35,0.21,1.21,62.4,5.5,32.2,8.76,13.2,38.04,43,15.1,34.8,16.8,237,0.16,6.9,32.6,600.388706710654,631.716468674728
"51","m190130","EHS","hit2rec1","hr3",148,5.1,15,1429,143,9,24,795,0.4,3.6,4.6,1,1.44,0.91,0.13,0.39,63.5,9.3,27.2,9.52,13.2,41.18,43,13.9,32.2,17.4,347,0.2,5.7,29.6,726.473017792987,667.834211465433
"52","m200002","EHS","hit2rec1","hr3",150,5.7,20,2248,187,8.7,24,566,0.5,3.7,5.1,1.3,1.84,0.69,0,1.14,37.8,0,62.2,9.73,14.3,41.84,43,14.7,34.2,18,386,0.22,5.8,31.7,771.779621101358,633.859407820318
"53","m200027","EHS","hit2rec1","hr3",151,5.6,14,2338,180,9.3,32,1734,0.3,3.8,5.2,1.4,0.95,0.44,0.03,0.47,46.6,3.6,49.9,9.52,14.4,39.31,41,15.2,36.7,16.3,489,0.27,5.5,28.5,775.705114203201,745.818615734049
"54","m200038","EHS","hit2rec1","hr3",154,5.7,18,1349,133,9.9,41,809,0.2,4,5.5,1.5,1.56,1.08,0.09,0.38,69.7,5.7,24.6,9.11,13.1,37.42,41,14.4,35.1,16.3,352,0.22,6.1,31.7,720.711885620776,669.579891705849
"55","m190013","EHS","hit2rec1","d1",147,5.6,25,325,259,9.8,20,88,0.4,3.7,4.4,0.7,8.16,7.3,0.08,0.78,89.4,1,9.6,8.42,12,36.15,43,14.3,33.3,16.8,355,0.22,6.2,31.2,578.382518232974,447.733681447821
"56","m190064","EHS","hit2rec1","d1",146,6,17,475,246,9.1,22,124,0.5,3.4,4.3,0.8,8.83,7.01,1.08,0.75,79.4,12.2,8.4,8.57,12.2,35.37,41,14.3,34.6,16,231,0.14,5.9,32.6,616.331480403464,482.028156560504
"57","m190077","EHS","hit2rec1","d1",143,5.9,15,562,241,9.5,27,128,0.4,3.7,4.5,0.9,2.19,1.6,0.2,0.39,73.1,9,17.9,8.86,11.9,36.78,41,13.4,32.3,16.9,490,0.27,5.6,29.1,633.150184989369,485.203026391962
"58","m190107","EHS","hit2rec1","d1",145,7.1,20,380,248,9.6,26,106,0.3,3.7,4.6,0.8,6.04,5.32,0.18,0.54,88.1,3,8.9,7.22,12.8,30.45,42,17.7,42,16.6,340,0.2,6,29.1,594.017125272043,466.343909411207
"59","m190109","EHS","hit2rec1","d1",149,5.7,24,179,234,9.1,20,79,0.4,3.5,4.4,0.9,6.38,5.18,0.22,0.98,81.2,3.4,15.4,9.18,12,38.03,41,13.1,31.6,16.9,399,0.23,5.9,31.2,518.738580584076,436.944785246702
"60","m190122","EHS","hit2rec1","d1",147,5.4,24,242,240,9.2,25,95,0.3,3.6,4.4,0.8,6.73,4.31,0.42,2,64,6.2,29.7,8.85,12.3,37.36,42,13.9,32.8,16.6,556,0.31,5.5,29.6,548.893772615669,455.387689160054
"61","m200037","EHS","hit2rec1","d1",147,5.6,26,138,215,9.3,13,74,0.6,3.3,4.5,1.2,6.62,5.38,0.2,1.03,81.4,3.1,15.6,9.28,13.2,37.59,41,14.3,35.2,16.9,521,0.29,5.6,29.1,492.725368515721,430.406509320417
"62","m200043","EHS","hit2rec1","d1",148,7.1,23,511,257,9.7,23,141,0.3,3.6,4.4,0.8,6.82,5.94,0.31,0.58,87.1,4.5,8.5,7.62,10.3,31.39,41,13.5,32.8,16.3,223,0.13,5.8,29.1,623.63695902037,494.875989037817
"63","m200046","EHS","hit2rec1","d1",148,5.8,24,346,235,9.4,21,151,0.4,3.4,4.5,1.1,10.24,8.47,0.1,1.67,82.7,1,16.3,8.29,12.6,34.44,42,15.2,36.6,17.2,198,0.12,6,35.6,584.643877505772,501.727983681492
"64","m190014","EHS","hit2rec1","d7",149,6,28,162,192,9.5,25,47,0.5,3.7,4.8,1.1,7.17,5.31,0.04,1.82,74.1,0.6,25.3,8.88,14.1,36.74,41,15.8,38.3,17.5,833,0.47,5.6,28.5,508.759633523238,385.014760171006
"65","m190024","EHS","hit2rec1","d7",145,4.8,23,380,186,9.6,19,105,0.7,3.3,4.6,1.4,10.3,7.54,0.42,2.33,73.2,4.1,22.6,9.67,13.4,40.56,42,13.8,33,18,651,0.37,5.7,31.2,594.017125272043,465.396035015752
"66","m190066","EHS","hit2rec1","d7",149,6,25,555,261,9.2,26,126,0.5,3.9,4.8,0.8,NA,NA,NA,NA,NA,NA,NA,NA,NA,NA,NA,NA,NA,NA,NA,NA,NA,NA,631.896811374643,483.628190695148
"67","m190079","EHS","hit2rec1","d7",147,NA,22,2079,235,9.8,26,356,0.5,3.9,4.9,0.9,14.81,10.25,0.09,4.46,69.2,0.6,30.2,7.64,11.3,31.25,41,14.8,36.2,17.2,246,0.15,5.9,33.8,763.964228785801,587.493073085203
"68","m190110","EHS","hit2rec1","d7",147,6,24,532,201,10,25,130,0.6,4,5,0.9,16.56,12.61,1.25,2.7,76.1,7.6,16.3,9.82,13.2,40.73,41,13.5,32.4,16.9,593,0.39,6.6,29.6,627.664348934164,486.753445045558
"69","m190123","EHS","hit2rec1","d7",149,5.4,20,154,249,9.4,29,60,0.5,3.8,4.8,1.1,7.15,4.81,0.22,2.12,67.3,3.1,29.6,9.41,13.5,39.58,42,14.3,34,17.5,810,0.49,6.1,29.1,503.695260241363,409.43445622221
"70","m190218","EHS","hit2rec1","d7",150,6.1,23,366,192,9.9,30,99,0.5,3.5,4.8,1.3,9.37,6.24,0.36,2.77,66.6,3.8,29.6,8.63,13.4,36.5,42,15.6,36.8,16.8,599,0.36,6.1,30.2,590.263333340137,459.511985013459
"71","m190230","EHS","hit2rec1","d7",149,5.6,21,243,224,9.5,23,66,0.5,3.7,4.9,1.2,7.86,5.73,0.1,2.02,73,1.3,25.7,9.41,13.6,38.34,41,14.5,35.5,17.2,713,0.42,5.9,30.2,549.306144334055,418.965474202642
"72","m200047","EHS","hit2rec1","d7",151,5.2,26,147,189,9.5,23,45,0.4,3.3,4.8,1.5,6.31,5,0.29,1.01,79.4,4.6,16.1,9.61,12.8,39.79,41,13.3,32.1,16.9,924,0.5,5.4,28.5,499.043258677874,380.666248977032
"73","m190141","EHS","hit2rec3","min30",165,5.4,17,540,104,11.4,86,349,0.4,5.4,7.2,1.8,1.69,1.2,0.04,0.44,71.3,2.6,26.1,11.05,17,45.73,41,15.4,37.1,17.5,781,0.49,6.3,29.6,629.156913955832,585.507192220243
"74","m190153","EHS","hit2rec3","min30",156,4.4,13,484,77,11,63,428,0.4,5,6.5,1.6,1.73,1.33,0.13,0.27,77.2,7.4,15.4,11.64,16.8,47.74,41,14.4,35.2,17.5,684,0.38,5.6,30.2,618.208490671663,605.91231955818
"75","m190166","EHS","hit2rec3","min30",161,4.2,18,313,91,10.9,74,211,0.4,5.5,7.1,1.6,0.76,0.64,0.03,0.09,84.1,3.4,12.4,11.13,16.6,45.09,41,14.9,36.8,17.5,795,0.51,6.4,30.2,574.620319054015,535.185813347607
"76","m190177","EHS","hit2rec3","min30",159,4.8,11,530,106,11.5,77,894,0.4,5.3,6.8,1.5,2.4,1.26,0.22,0.92,52.6,9.2,38.2,11.37,15.9,46.23,41,14,34.3,18.1,544,0.32,5.8,32.2,627.287700654617,679.570577517351
"77","m190201","EHS","hit2rec3","min30",159,4.1,13,655,104,11,86,398,0.3,4.6,6.5,1.9,1.59,1.34,0.07,0.17,84.5,4.5,11,10.73,16.9,43.28,40,15.7,39,17.2,730,0.42,5.7,29.6,648.463523563525,598.645200528444
"78","m190202","EHS","hit2rec3","min30",161,3.8,14,707,114,11.7,84,477,0.4,5,6.8,1.8,0.47,0.3,0.02,0.15,63.6,4.5,31.9,11.72,17,48.27,41,14.5,35.1,17.5,633,0.36,5.7,31.2,656.103066589657,616.751649088834
"79","m200040","EHS","hit2rec3","min30",160,4.9,17,1078,100,11.1,70,372,0.4,4.9,6.7,1.8,NA,NA,NA,NA,NA,NA,NA,NA,NA,NA,NA,NA,NA,NA,NA,NA,NA,NA,698.286275146894,591.889385427315
"80","m200049","EHS","hit2rec3","min30",160,4.6,20,413,133,10.9,72,225,0.3,4.9,6.5,1.5,2.57,2.02,0.18,0.37,78.7,7.1,14.3,11.53,16.4,46.91,41,14.2,34.9,17.8,662,0.37,5.7,30.2,602.344759296103,541.610040220442
"81","m200052","EHS","hit2rec3","min30",158,3.6,18,1186,94,11.5,61,957,0.4,5.1,6.7,1.7,2.98,1.71,0.37,0.9,57.3,12.6,30.1,11.19,15.8,45.35,41,14.1,34.8,17.9,331,0.2,6,35.6,707.834157955767,686.380339145295
"82","m190142","EHS","hit2rec3","hr3",155,5.1,14,1117,206,11.4,54,497,0.3,4.5,6,1.5,7.11,3.78,0.05,3.28,53.2,0.7,46.1,10.72,15.9,44.03,41,14.8,36.1,17.8,254,0.16,6.4,36.6,701.84017990692,620.859002609663
"83","m190154","EHS","hit2rec3","hr3",152,5.3,15,753,246,9.7,44,305,0.2,4.2,5.5,1.3,7.51,4.09,0.67,2.75,54.4,8.9,36.7,9.73,14.3,41.9,43,14.7,34.2,17.7,250,0.15,6.1,35.6,662.406522779989,572.031177660741
"84","m190165","EHS","hit2rec3","hr3",154,5.1,14,376,189,10.3,40,392,0.3,4.6,5.7,1.2,0.49,0.08,0.04,0.36,17.2,8.8,74.1,9.31,15.9,37.85,41,17.1,42.1,17.2,459,0.26,5.6,29.1,592.958914338989,597.126183979046
"85","m190188","EHS","hit2rec3","hr3",155,4.6,14,322,224,10.6,40,179,0.3,4.3,5.9,1.6,0.79,0.17,0.06,0.56,21.1,7.6,71.3,10.57,16.1,43.34,41,15.2,37.1,18.1,565,0.32,5.6,29.6,577.455154554441,518.738580584076
"86","m190189","EHS","hit2rec3","hr3",155,6.6,16,718,207,10.4,54,1095,0.4,4.6,6.2,1.5,NA,NA,NA,NA,NA,NA,NA,NA,NA,NA,NA,NA,NA,NA,NA,NA,NA,NA,657.646956904822,699.85096422506
"87","m190206","EHS","hit2rec3","hr3",157,5.6,14,715,215,10.4,50,361,0.3,4.2,5.6,1.4,1.27,0.55,0.06,0.66,43.4,4.4,52.2,10.28,16.3,43.54,42,15.9,37.5,16.6,547,0.31,5.6,29.6,657.228254269401,588.887795833288
"88","m190244","EHS","hit2rec3","hr3",153,5,10,351,167,10.5,42,257,0.1,4,5.6,1.6,2.34,1.33,0.02,1,56.7,0.7,42.6,9.96,14.5,41.08,41,14.6,35.4,17.5,503,0.36,7.1,35,586.078622346587,554.907608489522
"89","m200039","EHS","hit2rec3","hr3",154,6.2,18,687,243,10.2,40,371,0.2,4.4,5.9,1.5,5.38,3,0.58,1.8,55.8,10.7,33.4,12.39,13.4,51.56,42,10.8,26,17.8,274,0.15,5.6,32.2,653.233429222235,591.620206260744
"90","m200048","EHS","hit2rec3","hr3",154,5.2,17,806,214,9.8,62,1381,0.4,4.4,6,1.6,8.59,4.66,1.04,2.89,54.3,12.1,33.7,11.06,15.4,45.98,42,13.9,33.5,17.2,124,0.07,5.4,30.7,669.208374250663,723.056315340929
"91","m190046","EHS","hit2rec3","d1",144,5.6,22,242,266,8.5,15,76,0.6,3.5,4.4,0.9,6.34,5.56,0.24,0.55,87.7,3.7,8.6,8.81,12.5,37.24,42,14.2,33.5,16.6,606,0.37,6.1,29.6,548.893772615669,433.073334028633
"92","m190056","EHS","hit2rec3","d1",145,6.2,20,335,248,9,16,86,0.6,3.4,4.3,0.9,7.15,6.39,0.31,0.45,89.4,4.4,6.3,9.07,12.7,38.16,42,14,33.3,17.2,522,0.34,6.6,31.2,581.413053182507,445.434729625351
"93","m190057","EHS","hit2rec3","d1",145,5.3,20,163,252,8.5,20,54,0.4,3.7,4.4,0.8,10.6,9.17,0.5,0.93,86.5,4.7,8.8,9.31,12.6,38.68,42,13.5,32.6,17.5,344,0.21,6.1,34.2,509.375020080676,398.898404656427
"94","m190164","EHS","hit2rec3","d1",143,5.8,21,196,194,9.4,16,88,0.7,3.2,4.1,0.8,5.72,4.37,0.28,1.08,76.4,4.8,18.8,8.35,11.9,36.45,44,14.3,32.7,17.9,427,0.24,5.7,29.1,527.811465923052,447.733681447821
"95","m190176","EHS","hit2rec3","d1",147,6.3,19,296,254,9.3,16,97,0.5,3.4,4.5,1.1,14.77,11.49,0.89,2.39,77.8,6,16.2,9.48,13.1,38.75,41,13.8,33.8,16.9,243,0.15,6.3,35.6,569.035945432406,457.471097850338
"96","m190203","EHS","hit2rec3","d1",144,6.2,19,145,225,9,17,89,0.5,3.6,4.6,1.1,4.71,3.82,0.65,0.24,81.1,13.7,5.2,9.59,13.1,39.76,41,13.6,32.8,17.5,488,0.29,5.9,31.2,497.673374242057,448.863636973214
"97","m190219","EHS","hit2rec3","d1",148,5.5,20,179,237,8.9,21,97,0.5,3.6,4.7,1.2,7.96,6.17,0.91,0.87,77.6,11.4,11,8.85,12.7,36.24,41,14.4,35.1,17.2,328,0.21,6.4,34.2,518.738580584076,457.471097850338
"98","m190231","EHS","hit2rec3","d1",146,5.6,24,418,217,9.1,15,113,0.5,3.8,4.8,1,8.8,6.89,0.14,1.77,78.2,1.6,20.2,9.21,13.4,39.23,43,14.5,34.1,17.1,300,0.18,6,32.6,603.548143252476,472.738781871234
"99","m190243","EHS","hit2rec3","d1",148,5.7,19,150,232,9.5,18,79,0.4,3.4,4.6,1.2,8.49,6.64,0.35,1.51,78.2,4.1,17.7,8.9,12.7,36.9,41,14.2,34.4,16.8,559,0.32,5.7,30.2,501.063529409626,436.944785246702
"100","m200053","EHS","hit2rec3","d7",153,5.5,27,221,209,9.8,21,69,0.5,3.6,4.9,1.3,15.82,12.52,0.1,3.2,79.1,0.6,20.2,10.07,13.7,42.03,42,13.6,32.6,17.2,430,0.27,6.3,36.6,539.816270151775,423.410650459726
"101","m200054","EHS","hit2rec3","d7",149,5,24,384,190,10,20,95,0.5,3.2,4.6,1.3,15.02,12.24,1.17,1.62,81.4,7.8,10.8,8.24,12.4,34.77,42,15.1,35.8,17.7,365,0.22,6.2,31.7,595.064255258773,455.387689160054
"102","m200055","EHS","hit2rec3","d7",150,5.1,30,285,218,9.6,25,80,0.5,3.7,4.7,1,6.43,5.12,0.31,1.01,79.5,4.8,15.7,9.11,13.1,37.63,41,14.4,34.8,18.1,764,0.46,6,29.1,565.248918026865,438.202663467388
"103","m200056","EHS","hit2rec3","d7",149,5.1,21,133,217,9.5,26,53,0.4,3.5,4.7,1.2,6.97,5.38,0.22,1.37,77.2,3.1,19.7,9.09,13.6,36.88,41,15,37,17.2,657,0.37,5.7,29.6,489.034912822175,397.029191355212
"104","m200057","EHS","hit2rec3","d7",150,5.1,28,439,180,9.8,28,109,0.3,3.2,4.8,1.6,14.5,9.38,1.46,3.66,64.7,10.1,25.2,8.77,12.5,35.89,41,14.3,34.9,17.8,267,0.17,6.2,36.6,608.449941307517,469.134788222914
"105","m200058","EHS","hit2rec3","d7",148,4.7,20,209,225,9.5,27,61,0.4,3.1,4.6,1.6,7.29,5.69,0.15,1.45,78,2.1,19.9,8.37,12.6,34.08,41,15,36.9,17.2,755,0.42,5.6,28.5,534.233425196481,411.087386417331
"106","m190143","EHS","hit2rec7","min30",161,4.8,14,445,88,11,57,205,0.4,4.8,6.4,1.6,1.79,1.21,0.13,0.44,67.9,7.3,24.8,10.93,16.2,44.92,41,14.9,36.1,17.5,922,0.52,5.7,29.6,609.807428216624,532.300997913841
"107","m190155","EHS","hit2rec7","min30",160,4.5,16,391,79,10.6,76,1532,0.4,5.1,6.8,1.7,0.73,0.5,0.08,0.15,69,10.4,20.6,11.18,16.2,44.91,40,14.5,36.1,16.9,970,0.52,5.4,28.5,596.870755998537,733.432935030054
"108","m190168","EHS","hit2rec7","min30",160,4.3,17,436,106,11.1,69,523,0.3,5,6.8,1.9,1.02,0.8,0.06,0.16,78.2,5.9,15.9,10.88,16.2,45.01,41,14.9,36.1,18.4,840,0.46,5.5,30.2,607.764224334903,625.958146406492
"109","m190180","EHS","hit2rec7","min30",159,4.1,13,577,120,11,91,339,0.4,5.3,6.8,1.5,0.93,0.65,0.11,0.17,70.4,11.3,18.3,11.41,16.7,46.37,41,14.6,36,17.2,997,0.55,5.5,29.1,635.78422665081,582.600010738045
"110","m190191","EHS","hit2rec7","min30",159,3.8,14,424,93,10.9,87,2000,0.4,5.1,6.9,1.9,0.63,0.32,0.04,0.27,51.7,5.7,42.6,11.59,17.6,46.72,40,15.2,37.7,17.5,977,0.52,5.4,28.5,604.973345523196,760.090245954208
"111","m190192","EHS","hit2rec7","min30",161,3.6,13,361,98,11.2,65,363,0.3,4.7,6.6,1.9,0.71,0.59,0.05,0.07,83,7.5,9.6,10.74,16,43.44,40,14.9,36.9,17.2,906,0.51,5.7,29.6,588.887795833288,589.440283426485
"112","m200003","EHS","hit2rec7","min30",164,4.9,14,491,70,10.7,79,443,0.4,4.9,7.3,2.3,1.58,1.13,0.09,0.36,71.6,5.5,22.8,11.31,17,46.26,41,15,36.7,17.2,903,0.53,5.9,30.7,619.644412779452,609.356977004514
"113","m200029","EHS","hit2rec7","min30",160,4,14,335,88,11.2,73,441,0.4,4.7,6.7,2,0.72,0.54,0.06,0.12,74.9,7.8,17.2,11.26,17,45.75,41,15.1,37.1,17.5,819,0.45,5.4,28.5,581.413053182507,608.904487544685
"114","m200051","EHS","hit2rec7","min30",165,5.3,16,622,72,11.1,78,928,0.3,4.9,7.2,2.2,10.33,7.74,0.91,1.67,75,8.8,16.2,11.15,16.2,46.08,41,14.5,35.1,17.8,711,0.4,5.7,31.2,643.294009273918,683.30317327862
"115","m190009","EHS","hit2rec7","hr3",152,5,11,581,158,10.4,47,222,0.3,4.2,5.6,1.4,8.66,4.23,0.67,3.76,48.8,7.7,43.4,10.12,15.5,42.24,42,15.3,36.7,17.5,284,0.17,6.1,35.6,636.475075685191,540.267738187228
"116","m190167","EHS","hit2rec7","hr3",155,4.3,17,988,178,10.2,93,800,0.4,4.8,6.3,1.5,NA,NA,NA,NA,NA,NA,NA,NA,NA,NA,NA,NA,NA,NA,NA,NA,NA,NA,689.568269774787,668.461172766793
"117","m190178","EHS","hit2rec7","hr3",157,4.8,11,921,177,10,63,940,0.4,4.4,6.1,1.6,2.08,0.59,0.24,1.25,28.6,11.4,60,10.95,16.5,45.03,41,15,36.6,17.2,827,0.47,5.7,29.6,682.546003625531,684.587987526405
"118","m190179","EHS","hit2rec7","hr3",155,4.9,14,761,146,10.3,64,369,0.3,4.1,6.2,2,NA,NA,NA,NA,NA,NA,NA,NA,NA,NA,NA,NA,NA,NA,NA,NA,NA,NA,663.463335786169,591.079664404053
"119","m190190","EHS","hit2rec7","hr3",156,5.1,15,411,161,9.7,49,391,0.3,4.3,5.8,1.5,1.18,0.27,0.08,0.83,23.2,6.6,70.2,8.82,15.7,36.34,41,17.8,43.2,16.6,667,0.36,5.5,28.5,601.859321449623,596.870755998537
"120","m190222","EHS","hit2rec7","hr3",154,5.3,12,645,220,9.9,63,324,0.3,4.4,5.9,1.5,9.48,5.06,1.01,3.42,53.3,10.6,36,10.14,15.4,41.81,41,15.2,36.8,17.2,340,0.21,6.2,36.6,646.925031679577,578.074351579233
"121","m190234","EHS","hit2rec7","hr3",154,4.7,19,537,170,10.2,53,356,0.3,4.1,5.8,1.7,1.37,0.53,0.09,0.75,38.5,6.3,55.2,10.52,15,42.91,41,14.2,34.9,17.5,836,0.46,5.5,29.1,628.599809450886,587.493073085203
"122","m200028","EHS","hit2rec7","hr3",159,5.2,13,406,163,10.2,49,301,0.3,4.4,6.1,1.6,0.81,0.34,0.04,0.43,41.5,5.5,53.1,10.73,16,44.35,41,14.9,36.1,17.2,874,0.48,5.5,29.1,600.635315960173,570.711026474887
"123","m200042","EHS","hit2rec7","hr3",156,5.4,22,361,148,9.7,46,416,0.3,4.2,5.6,1.3,0.65,0.18,0.05,0.42,27.4,8.4,64.2,10.07,15.1,41.57,41,15,36.4,16.9,869,0.48,5.5,29.1,588.887795833288,603.068526026126
"124","m190001","EHS","hit2rec7","d1",147,6,25,223,250,9.4,15,86,0.5,3.5,4.6,1.1,13.24,8.9,1.05,3.3,67.2,7.9,24.9,8.78,13.6,36.07,41,15.4,37.6,17.2,302,0.2,6.6,37.4,540.717177146012,445.434729625351
"125","m190007","EHS","hit2rec7","d1",149,5.3,24,835,221,9.5,18,188,0.4,3.7,4.4,0.7,NA,NA,NA,NA,NA,NA,NA,NA,NA,NA,NA,NA,NA,NA,NA,NA,NA,NA,672.743172485086,523.644196282995
"126","m190050","EHS","hit2rec7","d1",144,4.8,16,514,261,9.5,19,471,0.5,3.6,4.5,0.9,10.53,7.93,0.06,2.54,75.3,0.6,24.1,7.73,13.2,32.29,42,17,40.8,17.2,142,0.09,6.4,36.6,624.222326545517,615.485809401642
"127","m190060","EHS","hit2rec7","d1",146,5.8,26,362,221,8.9,17,100,0.5,3.7,4.7,0.9,6.31,5.28,0.3,0.73,83.7,4.8,11.5,9.67,13.2,39.92,41,13.6,33,17.2,620,0.36,5.8,30.2,589.164421182577,460.517018598809
"128","m190144","EHS","hit2rec7","d1",145,5.5,18,445,201,8.9,15,218,0.7,3.4,4.4,0.9,6.92,5.09,0.27,1.55,73.6,4,22.4,8.68,12.9,37.21,43,14.8,34.6,17.1,485,0.28,5.7,30.2,609.807428216624,538.449506278909
"129","m190156","EHS","hit2rec7","d1",147,5.1,16,475,234,9.3,26,182,0.3,3.5,4.4,0.9,13.02,8.94,0.08,4.01,68.6,0.6,30.8,8.65,12.2,36.48,42,14.1,33.4,16.8,120,0.07,6.2,35.6,616.331480403464,520.40066870768
"130","m200015","EHS","hit2rec7","d1",151,6.2,23,225,233,9,16,88,0.5,3.4,4.4,1,2.87,2.4,0.1,0.36,83.7,3.7,12.7,8.19,10.6,33.54,41,12.9,31.6,16.9,108,0.07,6.7,36.6,541.610040220442,447.733681447821
"131","m200041","EHS","hit2rec7","d1",148,5.8,24,370,236,9.2,20,193,0.3,3.6,4.8,1.3,6.42,4.73,0.37,1.33,73.5,5.8,20.7,8.32,11.3,34.11,41,13.6,33.3,17.2,418,0.29,6.9,36,591.350300563827,526.269018890489
"132","m200050","EHS","hit2rec7","d1",149,5.4,27,140,179,9.6,16,61,0.7,2.9,4.3,1.4,16.44,13.43,2,1,81.7,12.2,6.1,8.33,12.3,34.96,42,14.8,35.3,17.5,233,0.14,6.1,33.8,494.16424226093,411.087386417331
"133","m200004","EHS","hit2rec7","d7",137,4.4,24,184,200,8.3,24,58,0.3,3.6,4.5,0.9,14.25,8.69,0.1,5.46,61,0.7,38.3,9.12,13.1,37.44,41,14.3,34.9,17.2,110,0.06,5.9,33.4,521.493575760899,406.044301054642
"134","m200005","EHS","hit2rec7","d7",146,5.7,21,143,187,9.3,25,47,0.5,3,4.9,1.9,4.53,3.65,0.2,0.69,80.5,4.3,15.2,9.54,13,39.45,41,13.6,33,18.2,942,0.56,5.9,29.1,496.284463025991,385.014760171006
"135","m200006","EHS","hit2rec7","d7",151,4.9,20,201,221,9.6,27,67,0.4,3.6,4.8,1.2,18.94,13.31,1.56,4.08,70.3,8.2,21.5,8.54,12.9,34.68,41,15.1,37.3,16.9,161,0.1,6.3,35.6,530.330490805908,420.469261939097
"136","m200016","EHS","hit2rec7","d7",149,6,28,136,226,9,22,46,0.5,3.5,4.6,1.1,7.92,6.37,0.27,1.29,80.3,3.4,16.3,9.31,13.1,37.78,41,14.1,34.7,17.5,740,0.42,5.7,29.1,491.265488573605,382.864139648909
"137","m200017","EHS","hit2rec7","d7",149,5.7,27,217,227,9.5,25,67,0.5,3.7,4.7,1,14.22,11.82,0.08,2.33,83.1,0.5,16.4,9.24,12.7,38.39,42,13.8,33.2,17.2,469,0.29,6.2,33,537.989735354046,420.469261939097
"138","m200018","EHS","hit2rec7","d7",150,5.2,22,167,189,9.2,26,63,0.4,3.5,4.8,1.3,8.77,7.19,0.22,1.37,82,2.5,15.6,8.98,12.6,36.89,41,14,34,17.2,667,0.41,6.2,29.6,511.799381241676,414.313472639153
"139","m200030","EHS","hit2rec7","d7",152,5,27,216,199,9.9,29,71,0.4,3.8,4.8,1,10.08,7.89,0.54,1.64,78.3,5.4,16.3,9.08,13,37.62,41,14.3,34.4,17.5,578,0.33,5.7,29.6,537.527840768417,426.267987704132
"140","m190067","EXC","hit1","min30",146,4.7,16,294,224,9.8,24,80,0.4,3.9,4.9,1,2.34,2,0.1,0.24,85.5,4.3,10.2,9.2,13.4,37.91,41,14.5,35.2,17.2,720,0.43,5.9,29.1,568.357976733868,438.202663467388
"141","m190080","EXC","hit1","min30",149,4.9,16,600,231,10.2,29,138,0.3,4.2,5.2,1.1,6.08,3.79,0.51,1.79,62.2,8.4,29.3,9.4,13.4,38.96,41,14.3,34.4,16.6,357,0.22,6.2,30.7,639.692965521615,492.725368515721
"142","m190099","EXC","hit1","min30",149,5,13,390,234,10.1,27,103,0.4,4.4,5.3,0.9,11.95,8.23,0.07,3.65,68.9,0.6,30.5,9.93,13.1,41.07,41,13.2,31.9,16.9,247,0.15,6.1,35.6,596.614673912369,463.472898822964
"143","m190112","EXC","hit1","min30",149,4.8,13,457,188,10,21,126,0.4,4.2,5.2,1,3.75,3.04,0.09,0.62,81.1,2.4,16.5,10.14,14.3,42.51,42,14.1,33.6,17.5,510,0.34,6.7,30.2,612.468339089421,483.628190695148
"144","m190131","EXC","hit1","min30",149,4,18,540,204,10.1,31,130,0.4,4.4,5.2,0.7,11.94,8.61,0.07,3.26,72.1,0.6,27.3,9.43,13.4,38.94,41,14.2,34.3,16.9,146,0.09,6.4,35.6,629.156913955832,486.753445045558
"145","m190169","EXC","hit1","min30",148,4.8,22,222,186,9.9,25,86,0.4,4,4.9,0.9,2.03,1.76,0.08,0.2,86.5,3.8,9.7,8.91,13.4,37.78,42,15,35.3,17.4,521,0.31,6,30.7,540.267738187228,445.434729625351
"146","m190236","EXC","hit1","min30",152,5.2,19,434,227,10.1,28,146,0.4,3.8,5.3,1.5,7.02,4.76,0.47,1.79,67.7,6.8,25.5,9.54,13.1,39.01,41,13.8,33.6,16.9,420,0.25,5.9,31.2,607.304453410041,498.360662170834
"147","m190068","EXC","hit1","hr3",147,4.8,13,845,213,10.1,31,189,0.3,4,5.1,1.1,13.73,10.92,0.97,1.85,79.5,7.1,13.4,9.86,13.4,40.74,41,13.6,32.9,16.9,294,0.19,6.4,36.6,673.933662735717,524.174701505964
"148","m190081","EXC","hit1","hr3",148,5.1,20,271,196,9.6,31,87,0.3,3.9,5.1,1.2,5.84,4.01,0.2,1.63,68.6,3.5,27.9,9.37,13.6,38.77,41,14.5,35.1,16.9,562,0.33,5.8,29.6,560.21188208797,446.590811865458
"149","m190100","EXC","hit1","hr3",148,4.9,21,488,203,10.4,33,117,0.3,4.2,5.1,0.8,10.03,7.81,0.06,2.16,77.9,0.6,21.6,9.06,13.1,37.46,41,14.5,35,16.9,401,0.28,6.9,33.4,619.031540585315,476.217393479776
"150","m190113","EXC","hit1","hr3",150,4.6,24,293,219,9.5,32,165,0.4,4.4,5.4,1,14.72,10.84,1.02,2.86,73.6,6.9,19.4,9.95,13.4,41.89,42,13.5,32,17.2,236,0.15,6.5,36.6,568.017260901707,510.594547390058
"151","m190132","EXC","hit1","hr3",147,4.9,15,325,192,9.6,31,91,0.4,4.2,5,0.8,10.3,7.85,0.72,1.73,76.2,7,16.8,9.66,13.4,39.98,41,13.9,33.6,16.9,373,0.26,7.1,39.6,578.382518232974,451.085950651685
"152","m190145","EXC","hit1","hr3",148,5,22,579,207,9.4,36,149,0.2,4.3,5.2,0.9,11,8.3,0.06,2.64,75.4,0.6,24,9.44,13.4,38.98,41,14.2,34.5,17.5,192,0.12,6.3,36.6,636.1302477573,500.394630594546
"153","m190157","EXC","hit1","hr3",148,4.7,16,241,199,9.7,33,161,0.4,4.3,5.2,0.9,9.29,7.73,0.54,1.03,83.2,5.8,11,9.46,13.4,38.5,41,14.2,34.9,16.6,440,0.28,6.4,35,548.479693349065,508.140436498446
"154","m190012","EXC","hit1","d1",150,5.2,25,472,201,10,26,111,0.5,4.1,5,0.9,14.98,11.08,1.9,2,74,12.7,13.3,9.09,13.4,37.86,42,14.8,35.5,16.8,111,0.07,6.3,34.6,615.697898558555,470.953020131233
"155","m190094","EXC","hit1","d1",149,6.4,18,1513,253,10,25,286,0.5,4.2,5.1,0.9,NA,NA,NA,NA,NA,NA,NA,NA,NA,NA,NA,NA,NA,NA,NA,NA,NA,NA,732.184971378836,565.599181081985
"156","m190101","EXC","hit1","d1",153,4.8,22,210,226,9.8,26,58,0.3,4,4.9,0.9,6.64,5.86,0.02,0.76,88.2,0.4,11.4,9.7,13.7,41.29,43,14.1,33.1,16.6,654,0.39,6,29.1,534.710753071747,406.044301054642
"157","m190114","EXC","hit1","d1",149,5.2,20,299,182,9.5,23,90,0.5,3.8,4.8,1,8.29,6.93,0.31,1.05,83.5,3.8,12.7,9.62,13.7,40.14,42,14.2,34.1,16.6,631,0.35,5.6,29.6,570.044357339069,449.980967033027
"158","m190146","EXC","hit1","d1",NA,NA,NA,NA,NA,NA,NA,NA,NA,NA,NA,NA,11.54,9.19,0.47,1.88,79.6,4.1,16.3,9.34,13.1,38.97,42,14,33.6,16.8,396,0.23,5.9,30.2,NA,NA
"159","m190158","EXC","hit1","d1",145,4.6,14,386,258,9.9,26,97,0.4,3.7,4.7,0.9,8.02,6.26,0.45,1.32,78,5.6,16.4,8.69,12.5,37.55,43,14.4,33.4,16.8,436,0.28,6.4,30.7,595.583736946483,457.471097850338
"160","m190211","EXC","hit1","d1",148,5.1,27,237,222,9,22,74,0.6,3.8,4.8,1,17.89,14.74,0.1,3.05,82.4,0.6,17.1,8.13,13.7,33.95,42,16.8,40.3,16.6,222,0.13,6.1,31.7,546.806014113513,430.406509320417
"161","m190223","EXC","hit1","d1",148,4.7,17,163,200,9.5,23,62,0.4,3.7,4.9,1.2,14.77,11.97,0.74,2.07,81,5,14,9.23,13.1,38.86,42,14.2,33.7,16.6,444,0.29,6.5,30.7,509.375020080676,412.713438504509
"162","m190235","EXC","hit1","d1",147,4.9,18,282,245,9.3,20,87,0.5,3.2,4.9,1.7,8.87,6.86,0.43,1.58,77.4,4.8,17.8,9.32,13.4,38.81,42,14.4,34.5,16.6,581,0.31,5.4,28.5,564.190707093811,446.590811865458
"163","m190069","EXC","hit1","d7",147,5.2,21,267,169,9.3,22,80,0.6,3.6,4.5,0.9,10.3,9.26,0.13,0.91,89.9,1.3,8.8,9.14,13.4,39.18,43,14.7,34.2,17.4,508,0.28,5.5,29.1,558.724865840025,438.202663467388
"164","m190082","EXC","hit1","d7",147,5,19,817,202,9.8,22,172,0.4,3.6,4.8,1.2,8.13,6.41,0.07,1.65,78.9,0.8,20.3,9.08,14,38.05,42,15.4,36.8,16.8,606,0.34,5.7,29.6,670.563909486,514.749447681345
"165","m190095","EXC","hit1","d7",146,5.1,20,371,230,9.7,27,89,0.5,3.7,4.7,1,9.47,8.02,1.1,0.35,84.7,11.6,3.7,8.75,13.1,36.4,42,14.9,35.9,17.2,630,0.38,6,29.1,591.620206260744,448.863636973214
"166","m190133","EXC","hit1","d7",149,4.6,21,158,209,9.9,28,47,0.4,3.6,4.8,1.2,7.95,6.97,0.43,0.56,87.6,5.4,7,9.37,12.5,39.02,42,13.3,32,17.2,641,0.35,5.4,28.5,506.259503302697,385.014760171006
"167","m190205","EXC","hit1","d7",151,5.3,25,192,220,9.9,22,64,0.5,3.7,5,1.3,12.99,11.03,0.63,1.33,84.9,4.9,10.2,8.94,13.3,37.33,42,14.8,35.5,16.6,493,0.32,6.5,31.7,525.749537202778,415.888308335967
"168","m200007","EXC","hit1","d7",149,5,27,118,243,9.6,27,44,0.3,3.8,4.9,1.1,10.18,8.72,0.42,1.04,85.6,4.1,10.3,9.33,13.2,38.26,41,14.1,34.4,17.2,495,0.29,5.8,30.2,477.068462446567,378.418963391826
"169","m200019","EXC","hit1","d7",145,4.9,18,175,190,9.4,27,59,0.4,3.5,4.7,1.2,11.63,8.88,0.07,2.68,76.3,0.6,23.1,9.07,13.1,37.31,41,14.4,35.1,16.6,394,0.22,5.7,30.2,516.478597392352,407.753744390572
"170","m190035","EXC","hit2rec1","min30",144,4.5,16,325,257,9.9,20,103,0.5,4.2,5,0.8,4.85,2.93,0.45,1.47,60.5,9.2,30.3,9.64,14.1,39.9,41,14.6,35.4,16.6,505,0.29,5.7,32.6,578.382518232974,463.472898822964
"171","m190036","EXC","hit2rec1","min30",148,4.4,16,617,258,10.3,23,140,0.5,4.5,5.4,0.9,11.18,7.02,1.03,3.13,62.8,9.2,28,10.14,14.3,42.43,42,14.2,33.8,16.6,100,0.07,6.7,35.6,642.486902390539,494.16424226093
"172","m190039","EXC","hit2rec1","min30",147,5,15,689,273,10,17,161,0.4,4.1,5,0.9,6.93,4.04,0.96,1.93,58.3,13.9,27.8,8.77,13.5,37.46,43,15.3,35.9,16.3,261,0.15,5.8,31.7,653.524127101366,508.140436498446
"173","m190040","EXC","hit2rec1","min30",149,4.8,22,1308,226,10.4,19,245,0.3,4.3,5.1,0.9,12.88,10.09,0.08,2.71,78.4,0.6,21.1,10.01,14.3,42.85,43,14.3,33.4,17.1,332,0.2,6,33,717.625453201714,550.125821054473
"174","m190096","EXC","hit2rec1","min30",150,4.6,18,269,214,9.7,30,103,0.4,4.1,5.1,1,8.46,6.61,0.05,1.8,78.1,0.6,21.3,9.58,13.5,40.66,42,14.1,33.2,16.8,509,0.31,6.2,29.6,559.471137960184,463.472898822964
"175","m190134","EXC","hit2rec1","min30",151,5,18,330,225,10.5,25,143,0.4,4.3,5.4,1,6.79,5.42,0.34,1.03,79.9,5,15.1,10.05,14.6,42.2,42,14.6,34.7,16.9,578,0.32,5.6,29.1,579.909265446053,496.284463025991
"176","m190135","EXC","hit2rec1","min30",152,5,20,762,228,10.1,26,178,0.4,4.5,5.3,0.8,10.26,6.44,0.06,3.76,62.8,0.6,36.6,9.7,14.2,40.19,41,14.6,35.2,17.2,162,0.11,7,37.4,663.594655568665,518.178355029209
"177","m200020","EXC","hit2rec1","min30",149,4.5,20,216,210,9.3,28,77,0.4,3.8,5,1.2,6.21,5.07,0.31,0.83,81.7,5,13.3,9.52,12.9,38.82,41,13.6,33.3,16.9,535,0.31,5.8,31.2,537.527840768417,434.380542185368
"178","m190071","EXC","hit2rec1","hr3",153,5,18,340,191,9.8,26,92,0.4,4.2,5.3,1.1,4.32,3.47,0.18,0.67,80.4,4.1,15.5,9.19,13.7,37.95,41,14.9,36.2,16.3,686,0.41,6,29.1,582.894561761021,452.178857704904
"179","m190084","EXC","hit2rec1","hr3",151,4.8,23,455,255,10.4,30,117,0.3,4.3,5.3,1,2.49,2.22,0.08,0.19,89.3,3,7.7,9.61,13.3,41.1,43,13.8,32.4,16.8,752,0.41,5.4,27.9,612.029741895095,476.217393479776
"180","m190091","EXC","hit2rec1","hr3",149,4.8,17,318,194,9.5,30,87,0.4,3.8,4.9,1.1,10.65,7.92,0.79,1.95,74.3,7.4,18.3,9.15,13,37.45,41,14.2,34.6,18.1,612,0.42,6.8,34.6,576.205138278018,446.590811865458
"181","m190102","EXC","hit2rec1","hr3",149,5.2,18,188,217,9.7,27,119,0.4,4.3,5.4,1,4.85,4.3,0.21,0.34,88.8,4.3,7,8.57,14.4,36.67,43,16.8,39.3,16.3,672,0.37,5.5,27.2,523.644196282995,477.912349311153
"182","m190115","EXC","hit2rec1","hr3",151,4.8,22,503,281,10.1,29,125,0.4,4.4,5.4,1,1.2,1.06,0.06,0.08,87.9,5.1,7,9.18,14.1,37.79,41,15.4,37.3,17.2,592,0.33,5.6,29.6,622.059017009974,482.83137373023
"183","m190136","EXC","hit2rec1","hr3",153,5.8,22,489,192,10.1,27,145,0.4,4.4,5.3,0.9,NA,NA,NA,NA,NA,NA,NA,NA,NA,NA,NA,NA,NA,NA,NA,NA,NA,NA,619.236248947487,497.673374242057
"184","m200008","EXC","hit2rec1","hr3",152,4.7,24,173,197,9.4,28,70,0.3,4.1,5.1,1,3.62,3.44,0.1,0.08,95,2.7,2.3,9.22,13.4,37.5,41,14.5,35.7,16.9,769,0.45,5.9,27.9,515.329159449778,424.849524204936
"185","m190018","EXC","hit2rec1","d1",147,5.1,24,342,265,9.9,18,77,0.4,3.3,4.4,1,NA,NA,NA,NA,NA,NA,NA,NA,NA,NA,NA,NA,NA,NA,NA,NA,NA,NA,583.481073706261,434.380542185368
"186","m190028","EXC","hit2rec1","d1",147,5,25,170,184,9.6,16,66,0.6,3.7,4.6,0.9,8.56,7.68,0.04,0.83,89.8,0.5,9.7,9.03,13.2,38.84,43,14.6,34,17.4,512,0.29,5.6,29.1,513.579843705026,418.965474202642
"187","m190070","EXC","hit2rec1","d1",148,5,19,450,187,9.4,23,112,0.5,3.9,4.8,1,11.04,9.28,0.46,1.3,84.1,4.2,11.8,9.69,13.5,40.78,42,13.9,33.1,16.6,559,0.37,6.6,30.2,610.924758276437,471.849887129509
"188","m190083","EXC","hit2rec1","d1",151,5.3,27,377,208,9.8,24,110,0.6,3.9,4.9,1,NA,NA,NA,NA,NA,NA,NA,NA,NA,NA,NA,NA,NA,NA,NA,NA,NA,NA,593.224518744801,470.048036579242
"189","m190103","EXC","hit2rec1","d1",150,5,22,388,211,9.8,22,98,0.4,4.1,4.9,0.8,14.74,10.99,0.08,3.67,74.5,0.6,24.9,8.44,11.6,35.25,42,13.7,32.8,16.3,162,0.11,6.9,37.4,596.100533962327,458.496747867057
"190","m190116","EXC","hit2rec1","d1",152,5.2,28,379,214,9.9,27,97,0.5,4.3,5,0.8,13.65,11.53,0.14,1.98,84.5,1,14.5,10.08,14,42.31,42,13.9,33.1,17.2,596,0.38,6.4,30.7,593.753620508243,457.471097850338
"191","m200031","EXC","hit2rec1","d1",153,5.3,24,189,215,9.7,27,66,0.3,3.4,4.8,1.3,9.63,7.82,0.46,1.34,81.3,4.8,13.9,7.67,13.1,31.6,41,17.1,41.5,16.6,544,0.3,5.4,28.5,524.174701505964,418.965474202642
"192","m190019","EXC","hit2rec1","d7",146,5.1,22,145,224,9.6,24,52,0.4,3.8,5,1.1,7.14,5.97,0.37,0.8,83.6,5.2,11.2,9.99,13.6,41.08,41,13.6,33.1,16.9,749,0.46,6.2,29.1,497.673374242057,395.124371858143
"193","m190029","EXC","hit2rec1","d7",147,5.4,18,538,203,9.8,21,128,0.4,3.3,4.6,1.3,15.68,10.83,0.91,3.94,69,5.8,25.2,9.87,14.1,40.44,41,14.3,34.9,17.5,245,0.15,6,34.6,628.785856016178,485.203026391962
"194","m190072","EXC","hit2rec1","d7",147,5.2,23,306,237,9.9,22,84,0.5,4,4.9,0.9,5.62,4.53,0.17,0.92,80.5,3.1,16.4,9.62,13.4,39.66,41,14,33.9,16.3,575,0.38,6.6,31.7,572.358510195238,443.081679884331
"195","m190085","EXC","hit2rec1","d7",148,5.1,20,386,208,9.8,23,88,0.4,3.7,4.5,0.8,12.11,10.18,0.57,1.36,84.1,4.7,11.2,9.11,13.1,37.77,41,14.3,34.6,16.6,529,0.34,6.4,30.2,595.583736946483,447.733681447821
"196","m190104","EXC","hit2rec1","d7",147,5,20,355,205,9.9,26,96,0.5,3.9,4.9,1,14.45,11.3,0.93,2.22,78.2,6.4,15.4,10.16,14.2,41.89,41,14,33.8,16.6,416,0.26,6.3,33.8,587.211778947542,456.434819146784
"197","m190117","EXC","hit2rec1","d7",147,5.3,21,344,202,9.7,25,92,0.5,3.9,4.9,1,11.57,9.55,0.69,1.34,82.5,5.9,11.6,10.32,14.8,43.26,42,14.3,34.2,16.9,514,0.31,6,31.2,584.06416573734,452.178857704904
"198","m190212","EXC","hit2rec1","d7",147,5,22,284,244,9.3,26,81,0.4,3.8,4.9,1,9.45,8.56,0.24,0.65,90.6,2.6,6.9,8.78,13,37.17,42,14.8,34.9,16.8,511,0.31,6,29.6,564.897423816121,439.444915467244
"199","m190224","EXC","hit2rec1","d7",147,5.1,22,403,212,9.7,28,105,0.4,3.7,4.9,1.2,12.95,9.13,1.32,2.5,70.5,10.2,19.3,9.26,13.3,37.48,40,14.3,35.4,16.9,222,0.15,6.6,37.4,599.893656194668,465.396035015752
"200","m190147","EXC","hit2rec3","min30",147,4.6,15,505,255,9.6,26,143,0.4,4.3,5.3,0.9,3.05,1.82,0.02,1.21,59.6,0.7,39.7,10.2,14.5,41.86,41,14.2,34.6,16.9,632,0.41,6.5,29.6,622.455842927536,496.284463025991
"201","m190159","EXC","hit2rec3","min30",NA,NA,NA,NA,NA,NA,NA,NA,NA,NA,NA,NA,5.65,4.5,0.17,0.98,79.6,3.1,17.3,9.67,13.4,40.05,41,13.9,33.6,16.6,597,0.34,5.6,28.5,NA,NA
"202","m190172","EXC","hit2rec3","min30",147,5.2,15,1373,307,8.9,22,254,0.3,4,4.8,0.8,NA,NA,NA,NA,NA,NA,NA,NA,NA,NA,NA,NA,NA,NA,NA,NA,NA,NA,722.475340576797,553.733426701854
"203","m190183","EXC","hit2rec3","min30",148,4.8,16,350,233,10.5,26,132,0.4,4.1,5.4,1.3,1.14,1.01,0.06,0.07,88.4,5.3,6.3,9.71,13.8,39.59,41,14.2,34.9,17.2,746,0.44,5.9,28.5,585.793315448346,488.280192258637
"204","m190207","EXC","hit2rec3","min30",153,4.5,14,714,246,10.5,28,231,0.4,4.3,5.5,1.2,11.43,7.19,1.14,3.11,62.9,9.9,27.2,9.64,14.1,40.71,42,14.7,34.7,16.6,168,0.11,6.3,35.6,657.088296233958,544.241771052179
"205","m190208","EXC","hit2rec3","min30",149,4.2,15,206,202,9.7,29,165,0.4,4,5.3,1.2,2.82,2.44,0.06,0.32,86.6,2.1,11.3,9.13,13.6,38.12,42,14.9,35.7,17.2,594,0.37,6.3,30.2,532.787616878958,510.594547390058
"206","m200033","EXC","hit2rec3","min30",149,4.7,19,202,241,9.9,25,66,0.4,3.7,4.9,1.2,4.08,3.31,0.18,0.59,81.2,4.4,14.4,9.15,13.2,37.61,41,14.4,35.1,16.6,578,0.34,5.9,30.2,530.826769740121,418.965474202642
"207","m190148","EXC","hit2rec3","hr3",149,4.5,22,697,233,10,31,165,0.4,4.3,5.2,0.9,15.14,11.82,1.19,2.13,78.1,7.8,14,8.93,13,36.96,41,14.5,35.1,16.6,218,0.14,6.3,34.6,654.678541076052,510.594547390058
"208","m190160","EXC","hit2rec3","hr3",149,5.1,20,1293,228,9.8,25,268,0.4,4.3,5.1,0.9,3.52,3.1,0.14,0.28,88.2,3.9,7.9,8.03,12.2,32.62,41,15.1,37.3,16.9,30,0.02,5.6,32.2,716.472037877186,559.098698051086
"209","m190171","EXC","hit2rec3","hr3",151,4.9,19,166,181,10,30,88,0.4,4.1,5.1,1.1,4.93,4.11,0.61,0.22,83.3,12.3,4.4,9.62,14.4,40.3,42,15,35.7,17.2,690,0.38,5.5,29.1,511.198778835654,447.733681447821
"210","m190194","EXC","hit2rec3","hr3",148,5,22,251,224,9.3,32,79,0.3,3.8,5.3,1.5,7.38,6.69,0.19,0.5,90.7,2.6,6.8,9.42,14.1,38.96,41,14.9,36.1,17.5,538,0.31,5.8,30.7,552.545293913178,436.944785246702
"211","m190195","EXC","hit2rec3","hr3",147,4.7,13,1005,225,10,25,212,0.4,4.1,5,0.9,9.51,7.27,0.32,1.92,76.4,3.4,20.2,9.32,13.9,38.89,42,14.9,35.7,16.6,56,0.03,5.8,32.2,691.274282049318,535.658627467201
"212","m190238","EXC","hit2rec3","hr3",151,5.2,17,574,222,9.7,28,139,0.3,3.8,5.2,1.4,7.35,5.67,0.89,0.78,77.2,12.2,10.7,7.45,11.1,30.84,41,14.9,35.9,16.3,125,0.1,7.7,39.6,635.262939631957,493.447393313069
"213","m200034","EXC","hit2rec3","hr3",152,5,26,283,189,9.6,31,87,0.4,4,5.2,1.2,9.11,7.79,0.53,0.8,85.4,5.8,8.7,7.96,14,32.93,41,17.6,42.5,16.9,344,0.21,6,30.2,564.544689764324,446.590811865458
"214","m190041","EXC","hit2rec3","d1",152,5.3,25,1001,181,9.6,21,242,0.4,4.2,5.2,1,14.38,11.17,0.08,3.13,77.7,0.6,21.8,9.15,13.2,37.62,41,14.5,35.2,16.3,75,0.04,5.6,32.2,690.875477931522,548.893772615669
"215","m190042","EXC","hit2rec3","d1",148,4.7,19,206,207,9.4,22,65,0.5,4,4.8,0.8,12.24,10.84,0.38,1.01,88.6,3.1,8.3,9.71,13.8,40.14,41,14.2,34.5,16.9,638,0.4,6.2,29.1,532.787616878958,417.438726989564
"216","m190051","EXC","hit2rec3","d1",149,4.9,24,369,185,9.7,26,101,0.6,4.1,4.9,0.9,14.29,12.01,0.93,1.35,84.1,6.5,9.4,10,13.9,41.84,42,13.9,33.2,16.9,480,0.34,7,33.4,591.079664404053,461.512051684126
"217","m190052","EXC","hit2rec3","d1",149,5.6,22,469,221,10,22,110,0.4,3.8,4.9,1.1,18.32,13.21,1.52,3.59,72.1,8.3,19.6,9.7,13.2,40.09,41,13.6,33,17.5,190,0.13,6.6,36.6,615.060276844628,470.048036579242
"218","m190170","EXC","hit2rec3","d1",148,5.2,25,425,218,9.6,20,98,0.5,3.9,4.7,0.8,11.19,8.33,0.71,2.15,74.4,6.3,19.2,9.68,14,39.76,41,14.5,35.2,16.3,441,0.25,5.7,29.1,605.208916892442,458.496747867057
"219","m190182","EXC","hit2rec3","d1",151,5.3,28,230,202,10,22,74,0.5,3.7,4.9,1.2,14.17,11.07,0.38,2.72,78.1,2.7,19.2,9.61,13.9,39.12,41,14.4,35.5,16.6,568,0.38,6.7,32.2,543.80793089232,430.406509320417
"220","m190213","EXC","hit2rec3","d1",145,5.2,16,344,231,9.1,23,97,0.5,3.6,4.7,1.1,9.96,8.03,0.26,1.67,80.6,2.6,16.8,9.29,13.5,38.21,41,14.5,35.4,16.6,416,0.23,5.6,29.6,584.06416573734,457.471097850338
"221","m190225","EXC","hit2rec3","d1",148,5.2,27,214,213,9.5,24,75,0.5,3.6,5,1.4,12.2,10.24,1.5,0.46,83.9,12.3,3.8,9.12,13.5,38.35,42,14.8,35.3,16.6,539,0.31,5.7,29.6,536.597601502185,431.748811353631
"222","m190237","EXC","hit2rec3","d1",150,5.2,26,248,235,9.7,23,79,0.5,3.4,4.9,1.5,9.97,7.9,0.19,1.88,79.2,1.9,18.9,9.31,13.8,38.34,41,14.8,36,16.3,595,0.33,5.6,29.1,551.342874616498,436.944785246702
"223","m200059","EXC","hit2rec3","d7",152,4.7,25,172,258,9.5,22,52,0.4,3.6,4.7,1,9.95,8.3,0.48,1.18,83.3,4.8,11.9,9.64,13.2,40.27,42,13.7,32.8,17.2,599,0.38,6.3,29.1,514.749447681345,395.124371858143
"224","m200060","EXC","hit2rec3","d7",151,5.1,28,181,225,10.1,25,62,0.5,3.2,4.9,1.7,16,11.72,1.25,3.03,73.3,7.8,18.9,9.89,13.7,40.98,41,13.8,33.4,16.6,296,0.18,6,35.6,519.849703126583,412.713438504509
"225","m200061","EXC","hit2rec3","d7",152,4.6,25,359,225,10,26,89,0.4,3.8,5,1.2,19.55,13.89,2.01,3.64,71.1,10.3,18.6,8.94,13.1,36.71,41,14.6,35.6,16.9,147,0.09,6.5,35.6,588.332238848828,448.863636973214
"226","m200062","EXC","hit2rec3","d7",151,5.4,27,182,219,10,26,50,0.4,4,5.2,1.2,NA,NA,NA,NA,NA,NA,NA,NA,NA,NA,NA,NA,NA,NA,NA,NA,NA,NA,520.40066870768,391.202300542815
"227","m200063","EXC","hit2rec3","d7",151,5.4,27,233,200,9.9,27,75,0.4,3.3,4.9,1.6,6.24,4.89,0.38,0.97,78.4,6.1,15.5,9.08,13.3,36.89,41,14.6,36,16.9,626,0.35,5.6,27.9,545.10384535657,431.748811353631
"228","m200064","EXC","hit2rec3","d7",151,5,28,186,216,9.7,28,62,0.5,3.2,4.8,1.6,7.42,6.41,0.25,0.76,86.4,3.3,10.3,8.6,12.4,34.75,40,14.5,35.8,16.6,623,0.35,5.6,28.5,522.57466737132,412.713438504509
"229","m190149","EXC","hit2rec7","min30",147,4.6,14,359,195,10.4,29,101,0.4,3.9,4.9,1,2.2,1.92,0.06,0.21,87.5,2.9,9.7,8.86,12.9,37.14,42,14.6,34.7,17.7,533,0.3,5.6,29.1,588.332238848828,461.512051684126
"230","m190161","EXC","hit2rec7","min30",148,4.6,12,140,239,9.7,27,98,0.4,4.1,5,1,0.86,0.8,0.01,0.05,92.7,1.2,6.1,9.52,13.5,38.97,41,14.1,34.5,17.2,709,0.38,5.4,27.2,494.16424226093,458.496747867057
"231","m190174","EXC","hit2rec7","min30",146,4.3,13,192,222,9.9,26,96,0.4,4.3,5.2,1,0.77,0.7,0.03,0.04,90.2,4.4,5.4,9.84,14.5,40.6,41,14.8,35.8,16.6,674,0.36,5.4,27.9,525.749537202778,456.434819146784
"232","m190186","EXC","hit2rec7","min30",152,4.5,22,265,232,9.9,31,137,0.4,4.5,5.4,1,1.83,1.6,0.09,0.14,87.3,5.2,7.5,9.24,13.8,37.76,41,14.9,36.5,16.3,762,0.42,5.5,28.5,557.972982598622,491.998092582812
"233","m190197","EXC","hit2rec7","min30",149,4.5,21,337,258,9.9,23,102,0.4,4.2,5.5,1.3,NA,NA,NA,NA,NA,NA,NA,NA,NA,NA,NA,NA,NA,NA,NA,NA,NA,NA,582.008293035236,462.497281328427
"234","m190198","EXC","hit2rec7","min30",NA,NA,NA,NA,NA,NA,NA,NA,NA,NA,NA,NA,1.23,1,0.07,0.16,81.3,5.6,13.2,9.63,14,39.33,41,14.5,35.5,17.5,651,0.35,5.4,28.5,NA,NA
"235","m200009","EXC","hit2rec7","min30",148,4.9,21,274,230,9.8,30,105,0.3,3.8,5.2,1.4,0.85,0.8,0.02,0.03,94,2.1,3.8,9.54,13.2,39.05,41,13.8,33.7,17.2,781,0.42,5.3,28.5,561.312810638807,465.396035015752
"236","m190006","EXC","hit2rec7","hr3",150,4.6,23,138,273,9.8,28,52,0.4,4.2,5.1,0.9,17.04,12.66,0.1,4.28,74.3,0.6,25.1,9.5,14.2,39.92,42,14.9,35.5,16.8,580,0.38,6.6,31.7,492.725368515721,395.124371858143
"237","m190173","EXC","hit2rec7","hr3",149,4.5,15,185,218,9.6,29,69,0.4,4.3,5.2,0.9,7.35,5.9,0.34,1.11,80.3,4.6,15.1,9.56,14,39.56,41,14.7,35.4,17.2,607,0.39,6.3,29.6,522.035582507832,423.410650459726
"238","m190184","EXC","hit2rec7","hr3",148,5.1,23,226,224,9.8,29,114,0.4,4.3,5.6,1.3,2.35,2.09,0.09,0.16,89.3,3.9,6.9,9.3,13.9,39.06,42,15,35.7,16.6,627,0.33,5.3,28.5,542.053499927229,473.61984483945
"239","m190185","EXC","hit2rec7","hr3",152,5.1,17,448,194,10.3,28,130,0.3,3.7,5.2,1.5,3.95,3.48,0.02,0.46,87.9,0.4,11.6,9.47,13.5,39.02,41,14.3,34.6,17.2,664,0.37,5.6,29.6,610.479323241498,486.753445045558
"240","m190196","EXC","hit2rec7","hr3",152,5.8,21,647,187,10.4,26,160,0.4,4.3,5.4,1.1,9.44,6.28,0.45,2.71,66.5,4.7,28.7,9.06,13.8,37.18,41,15.2,37.1,16.3,60,0.03,5.6,32.2,647.23462945009,507.517381523383
"241","m190210","EXC","hit2rec7","hr3",149,4.8,16,359,211,9.6,26,104,0.4,3.9,5.2,1.3,7.84,5.19,0.65,2,66.2,8.3,25.5,9.22,14.4,37.48,41,15.6,38.3,17.2,319,0.2,6.3,36.6,588.332238848828,464.439089914137
"242","m190216","EXC","hit2rec7","hr3",150,5.3,20,1023,246,9.6,24,239,0.4,4.1,5.3,1.2,8.15,6.22,0.05,1.88,76.3,0.6,23.1,8.86,12.9,36.1,41,14.5,35.6,16.6,83,0.05,5.5,30.7,693.049476595163,547.646355193151
"243","m190228","EXC","hit2rec7","hr3",152,4.4,22,213,206,9.9,33,80,0.3,4.1,5.2,1.2,15.77,12.06,0.1,3.61,76.4,0.6,22.9,9.66,13.3,39.45,41,13.8,33.8,16.9,146,0.09,6,33.4,536.129216570943,438.202663467388
"244","m190005","EXC","hit2rec7","d1",149,4.8,26,150,202,9.5,24,56,0.4,4.1,4.9,0.8,7.02,6.38,0.19,0.45,90.9,2.7,6.4,8.37,13.2,36.16,43,15.7,36.4,16.5,576,0.32,5.5,27.9,501.063529409626,402.535169073515
"245","m190045","EXC","hit2rec7","d1",147,4.7,18,194,225,9.5,37,62,0.2,3.7,4.8,1.1,4.65,3.77,0.24,0.64,81.1,5.2,13.7,9.21,13.7,37.91,41,14.8,36,16.9,713,0.41,5.8,29.1,526.785815906333,412.713438504509
"246","m190055","EXC","hit2rec7","d1",150,5.1,25,294,218,10.1,27,81,0.4,3.5,5,1.5,7.4,6.18,0.25,0.97,83.5,3.3,13.1,9.9,13.7,40.94,41,13.9,33.5,17.8,753,0.42,5.6,28.5,568.357976733868,439.444915467244
"247","m190150","EXC","hit2rec7","d1",145,5.4,17,180,213,10,21,84,0.4,3,4.5,1.5,7.72,5.95,0.42,1.35,77.1,5.5,17.4,9.17,13.2,38.74,42,14.4,34.2,17.5,867,0.51,5.9,30.2,519.295685089021,443.081679884331
"248","m190162","EXC","hit2rec7","d1",148,4.5,19,473,199,10.1,23,109,0.4,4,4.8,0.8,12.39,10.1,0.63,1.66,81.5,5.1,13.4,9.23,13.2,38.7,42,14.3,34.2,17.5,381,0.26,6.8,31.7,615.909538849193,469.134788222914
"249","m190209","EXC","hit2rec7","d1",152,5.3,21,210,210,10.1,25,75,0.4,3.9,5.3,1.4,16.5,11.5,1.36,3.64,69.7,8.3,22,9.95,14.3,41.11,41,14.4,34.8,16.9,235,0.15,6.4,36.6,534.710753071747,431.748811353631
"250","m200021","EXC","hit2rec7","d1",147,5.1,20,199,190,9.4,21,74,0.5,3.7,4.9,1.1,8.97,7.58,0.45,0.95,84.5,5,10.5,9.29,13.2,38.5,41,14.3,34.4,16.3,595,0.36,6,29.1,529.330482472449,430.406509320417
"251","m200010","EXC","hit2rec7","d7",151,4.8,24,673,209,9.7,27,149,0.3,3.6,5,1.3,12.21,8.57,1.02,2.62,70.2,8.4,21.5,8.97,12.4,36.89,41,13.9,33.7,16.9,124,0.08,6.9,36.6,651.174532964473,500.394630594546
"252","m200011","EXC","hit2rec7","d7",147,4.6,18,141,157,8.6,20,61,0.5,3.3,4.5,1.2,8.27,6.77,0.17,1.33,81.9,2.1,16.1,9.36,13.1,39.51,42,14,33.1,17.7,561,0.31,5.6,28.5,494.875989037817,411.087386417331
"253","m200012","EXC","hit2rec7","d7",148,5.7,19,425,199,10,23,119,0.4,3.4,4.8,1.3,13.6,10.94,0.89,1.77,80.4,6.5,13,9.3,13.4,38.18,41,14.4,35.2,17.5,316,0.23,7.2,33.4,605.208916892442,477.912349311153
"254","m200022","EXC","hit2rec7","d7",149,5.7,24,349,237,9.7,25,93,0.5,3.6,5,1.4,13.35,10.85,0.53,1.97,81.3,3.9,14.8,9.95,13.4,40.2,40,13.5,33.3,17.2,414,0.24,5.8,31.7,585.507192220243,453.259949315326
"255","m200023","EXC","hit2rec7","d7",152,4.9,25,163,231,9.8,25,57,0.4,3.8,4.9,1.1,10.51,8.64,0.47,1.4,82.2,4.5,13.3,8.83,13.2,36.53,41,15,36.2,16.9,516,0.32,6.3,29.1,509.375020080676,404.305126783455
"256","m200024","EXC","hit2rec7","d7",152,5.6,25,402,197,10.1,26,99,0.4,3.2,4.7,1.5,14.35,11.38,1.77,1.2,79.3,12.3,8.3,9.52,13.5,38.72,41,14.2,34.9,16.9,419,0.25,6,32.6,599.645208861902,459.511985013459
"257","m200032","EXC","hit2rec7","d7",152,5.5,25,349,198,9.7,25,90,0.4,3.7,4.7,1,10.69,9.49,0.12,1.08,88.8,1.1,10.1,8.39,12.8,34.48,41,15.2,37.1,17.2,602,0.33,5.6,29.1,585.507192220243,449.980967033027
