Tc,Act,Tc,Act,Tc,Act,Tc,Act,Tc,Act,Tc,Act,Tc,Act,Tc,Act,Tc,Act,Tc,Act,Tc,Act,Tc,Act,Tc,Act,Tc,Act,Tc,Act,Tc,Act,Tc,Act,Tc,Act,Tc,Act,Tc,Act,Tc,Act,Tc,Act,Tc,Act,Tc,Act,Tc,Act,Tc,Act,Tc,Act,Tc,Act,Tc,Act,Tc,Act,Tc,Act,Tc,Act,Tc,Act,Tc,Act,Tc,Act,Tc,Act,Tc,Act,Tc,Act,Tc,Act,Tc,Act,Tc,Act,Tc,Act,Tc,Act,Tc,Act,Tc,Act,Tc,Act,Tc,Act,Tc,Act,Tc,Act,Tc,Act,Tc,Act,Tc,Act,Tc,Act,Tc,Act,Tc,Act,Tc,Act,Tc,Act,Tc,Act,Tc,Act,Tc,Act,Tc,Act,Tc,Act,Tc,Act,Tc,Act,Tc,Act,Tc,Act,Tc,Act,Tc,Act,Tc,Act,Tc,Act,Tc,Act,Tc,Act,Tc,Act,Tc,Act,Tc,Act,Tc,Act,Tc,Act,Tc,Act,Tc,Act,Tc,Act,Tc,Act,Tc,Act,Tc,Act,Tc,Act,Tc,Act,Tc,Act,Tc,Act,Tc,Act,Tc,Act,Tc,Act,Tc,Act,Tc,Act,Tc,Act,Tc,Act,Tc,Act,Tc,Act,Tc,Act,Tc,Act,Tc,Act,Tc,Act,Tc,Act,Tc,Act,Tc,Act,Tc,Act
35.30,2.60,36.65,5.67,36.00,14.12,36.73,5.45,36.15,2.15,36.83,6.17,36.86,16.28,35.96,4.55,35.74,2.20,36.96,11.78,35.99,3.15,35.84,8.28,36.66,0.50,36.57,5.30,36.88,12.27,36.89,3.32,35.68,1.82,35.57,0.90,36.62,2.47,36.68,7.73,36.98,1.62,35.51,3.07,36.24,3.10,37.05,16.73,35.36,14.08,35.49,6.97,35.41,3.23,36.10,8.13,36.85,6.82,36.60,3.22,36.86,12.75,38.34,24.83,35.67,0.00,35.18,2.65,36.86,8.92,35.66,4.98,36.91,10.65,35.67,7.13,36.98,8.63,36.75,6.25,35.83,1.73,36.33,4.38,36.67,5.82,35.46,4.17,36.07,3.27,36.39,5.13,36.00,3.57,35.67,2.60,36.76,3.33,36.20,3.13,36.24,0.98,36.94,7.30,36.97,6.12,36.06,8.22,35.85,6.20,36.71,4.13,36.80,6.80,36.76,7.62,36.79,7.23,36.68,10.67,36.93,4.57,35.87,4.42,37.06,7.55,36.88,8.57,37.40,16.10,37.12,6.35,37.26,10.75,36.33,1.82,35.93,2.73,36.04,8.65,36.06,2.43,36.99,8.25,36.09,1.43,36.15,2.02,36.35,4.78,37.02,8.75,36.16,4.67,36.52,4.37,35.95,5.88,35.69,1.20,35.98,5.57,37.05,8.35,35.60,0.25,36.55,2.67,36.26,4.42,37.07,8.95,35.96,4.73,36.86,10.07,36.77,14.20,36.87,6.83,36.48,10.52,35.87,5.95,36.90,6.88,36.23,8.02,36.77,14.28,37.17,3.32,36.89,4.53,35.88,0.92,35.65,1.88,36.08,5.62,35.38,1.23,36.13,6.63,35.25,1.30,35.74,5.32
37.08,12.50,37.95,11.45,36.91,15.40,38.33,22.48,37.77,17.20,37.99,19.67,37.79,17.30,37.87,22.07,37.69,15.05,38.02,14.35,37.54,19.80,38.06,15.08,37.57,14.90,38.17,22.63,37.86,17.87,37.95,17.33,36.97,11.67,36.86,21.80,37.62,20.83,36.82,21.20,37.84,21.17,35.93,14.15,37.52,31.83,38.16,27.87,36.73,17.02,37.95,18.37,37.62,22.05,37.90,22.77,37.67,16.92,37.71,20.22,38.13,14.10,38.19,25.93,37.29,13.12,37.05,18.37,37.92,7.18,37.62,15.85,38.13,11.23,37.92,19.37,38.25,15.43,37.89,15.00,37.84,13.77,38.20,15.88,38.05,12.62,37.86,19.00,38.25,14.53,38.27,13.25,37.71,11.57,38.12,12.50,38.20,12.23,38.00,16.70,37.73,13.75,38.12,11.93,38.13,15.97,38.09,15.15,37.71,13.95,38.09,10.15,38.03,13.80,37.97,10.17,37.86,8.68,38.12,12.83,38.29,12.27,38.21,19.28,38.35,12.48,38.11,13.17,37.15,7.92,38.05,11.72,37.80,19.57,37.40,16.28,37.71,13.03,38.11,17.63,37.85,9.48,38.22,20.47,37.64,11.42,37.86,12.62,38.28,11.38,38.24,11.05,38.32,9.95,38.52,15.53,38.11,16.95,37.67,14.47,38.29,12.73,37.84,18.17,37.66,10.05,37.86,9.70,38.20,12.52,38.18,12.90,38.39,14.68,36.46,13.08,37.71,17.32,37.99,16.85,38.03,17.08,36.44,9.27,38.36,17.28,37.52,11.43,37.77,19.20,38.30,17.23,38.33,12.78,37.03,16.18,37.37,23.37,37.67,21.07,37.07,15.98,38.36,18.93,37.02,19.27,38.02,18.58
37.36,19.63,38.06,15.48,36.80,33.47,38.52,26.65,38.15,27.63,38.34,32.92,38.44,24.92,38.25,38.93,38.38,21.83,38.50,35.58,38.04,27.02,38.05,36.37,38.82,23.83,38.45,36.70,38.39,22.28,38.24,35.10,37.23,31.03,37.05,31.67,38.63,26.82,37.18,32.82,38.47,30.62,36.40,36.05,38.08,38.30,38.24,35.53,37.02,23.05,38.18,26.02,38.40,34.30,37.94,36.10,37.95,26.62,38.13,39.28,38.46,32.93,37.86,29.12,38.00,19.52,37.92,33.33,38.31,34.72,38.00,30.47,38.04,25.10,38.38,30.50,38.34,27.43,38.39,32.38,38.40,30.42,38.74,20.33,38.19,25.48,38.28,38.00,38.63,20.17,38.50,17.83,38.25,19.90,38.48,22.18,38.55,17.47,38.62,16.63,38.46,16.78,38.47,17.65,38.58,30.87,38.22,27.53,37.91,31.25,38.39,38.48,38.47,31.85,38.20,37.43,38.58,27.53,38.23,25.92,38.31,19.15,38.16,24.32,38.80,23.33,38.43,16.70,38.01,19.92,38.26,19.38,38.53,22.25,38.09,20.88,38.34,20.17,38.38,27.60,38.31,24.62,38.52,24.90,38.57,32.15,38.62,32.85,38.38,20.77,38.31,25.40,38.56,26.50,38.68,29.58,38.37,28.25,38.44,14.98,38.55,14.57,38.32,25.90,38.52,13.95,38.57,13.78,38.41,18.80,38.34,29.57,38.44,28.02,37.19,31.47,38.15,31.60,38.20,31.50,37.89,35.30,37.72,33.85,38.03,26.33,38.03,36.08,38.20,34.22,38.70,12.73,38.67,18.10,38.27,18.20,38.32,25.85,37.96,32.13,38.42,35.55,38.74,31.62,38.16,37.40,37.96,23.18
37.22,21.48,38.06,20.32,36.36,36.68,38.21,38.30,37.92,28.85,38.15,33.67,38.41,26.33,37.96,39.83,38.46,22.50,38.52,35.82,37.74,28.83,37.82,38.15,38.60,21.83,38.27,37.87,38.47,22.47,38.21,33.63,37.11,35.83,36.57,40.60,38.53,29.93,37.08,35.72,38.31,36.03,35.93,39.97,37.76,42.50,38.15,34.13,36.86,24.32,37.99,28.57,38.15,34.78,37.41,39.27,37.88,30.70,37.92,37.57,38.28,36.88,37.35,32.33,37.77,21.05,37.68,39.35,38.16,36.58,37.51,37.07,37.94,28.27,37.82,38.13,38.33,32.70,37.72,37.20,38.25,32.68,38.85,22.87,38.56,24.58,38.03,41.63,38.36,21.75,38.34,21.22,38.30,22.28,38.37,24.93,38.44,18.63,38.61,18.18,38.48,17.75,38.22,19.68,38.55,33.85,37.88,29.43,37.81,34.02,38.09,36.10,38.45,30.32,37.95,39.07,38.51,28.67,37.84,31.25,38.00,20.97,37.67,28.53,38.64,24.58,38.29,15.90,38.59,24.47,38.10,20.27,38.32,23.95,37.91,26.82,38.35,20.58,38.42,28.12,38.08,27.67,38.46,26.28,38.45,36.25,38.48,37.20,38.01,31.13,38.08,30.68,37.84,38.98,38.08,38.52,37.73,32.27,38.52,16.62,38.36,16.92,38.24,24.37,38.17,15.18,38.41,16.30,38.35,18.98,38.10,35.75,38.53,36.67,37.46,34.47,37.74,34.02,38.39,34.35,37.46,36.90,37.40,34.25,37.29,35.22,37.83,33.78,38.28,39.57,38.59,14.93,38.60,15.50,38.39,19.27,38.56,25.25,37.59,37.38,37.86,35.43,38.32,23.72,38.19,39.77,37.86,31.85
36.78,24.33,37.97,21.28,36.73,35.35,37.76,34.83,37.58,35.17,38.04,36.60,38.02,27.85,37.61,39.48,38.44,26.72,38.43,32.77,37.38,33.23,37.43,40.55,38.48,24.58,38.03,38.10,38.19,27.15,38.03,34.18,36.69,35.68,36.51,36.40,38.50,30.32,36.99,34.82,38.42,37.82,36.06,39.60,37.55,41.07,37.99,34.90,37.33,21.02,38.08,31.33,37.93,36.85,37.13,41.07,37.85,34.32,37.85,41.25,38.29,36.40,36.77,14.90,37.90,17.23,37.37,39.60,38.00,36.10,37.28,42.08,37.81,32.65,37.78,39.75,38.36,33.42,37.64,38.22,37.86,39.80,38.63,20.90,38.45,28.40,37.73,45.78,38.00,31.22,37.92,23.27,38.20,23.15,38.17,25.07,38.34,19.68,38.47,20.98,38.10,19.10,38.03,22.07,38.40,35.57,37.35,31.95,37.47,30.98,37.78,33.73,38.05,34.45,37.78,38.02,38.08,32.33,37.53,30.65,37.74,22.52,37.06,33.23,38.17,25.62,37.94,18.85,38.47,25.68,37.81,18.72,38.06,25.43,37.36,30.32,38.28,19.87,38.37,29.82,37.67,30.55,38.36,30.07,38.06,37.93,38.12,40.25,37.93,29.50,37.70,31.90,37.64,40.80,37.62,39.42,36.95,42.92,38.41,17.62,38.10,18.87,38.14,27.75,38.00,17.20,38.29,17.68,38.30,19.87,37.67,33.87,38.37,32.45,37.61,36.18,37.37,34.33,38.20,37.98,37.34,41.00,37.36,37.93,37.19,37.97,37.53,32.85,38.12,42.70,38.52,15.17,38.55,17.68,38.07,18.80,38.50,23.15,36.96,42.80,37.63,39.12,38.21,32.30,38.10,42.38,37.49,34.62
37.18,20.93,37.82,21.13,36.56,39.47,37.68,28.10,37.45,30.70,37.96,39.88,38.00,33.23,37.53,43.52,38.33,27.38,38.27,31.03,37.16,36.12,37.44,41.88,38.24,25.03,37.81,40.62,37.94,30.85,37.68,32.73,36.78,34.63,36.74,39.85,38.32,35.90,37.21,35.98,38.06,37.78,36.24,44.27,36.99,59.67,37.96,33.70,37.54,26.18,38.08,34.30,37.54,39.95,37.30,41.38,37.20,32.28,38.01,41.22,37.93,34.22,36.80,15.87,37.78,16.68,37.35,43.45,37.81,35.85,37.09,41.67,37.59,37.92,37.65,26.70,38.26,37.20,37.50,36.22,37.67,36.48,38.30,21.03,38.30,37.20,37.57,42.60,36.59,18.53,37.56,29.08,38.06,28.67,37.89,26.27,38.19,21.90,38.27,22.47,37.96,20.05,37.83,27.52,38.21,37.20,37.75,28.30,37.46,23.00,37.76,34.80,37.90,29.25,37.41,38.33,38.08,34.22,37.34,33.78,37.53,20.10,37.11,38.60,37.89,32.03,37.51,25.60,38.28,24.47,37.66,20.58,37.96,25.42,37.18,36.77,38.18,21.45,38.35,31.12,37.88,27.60,38.27,35.62,37.51,44.08,37.97,41.75,38.04,22.90,37.56,38.95,37.61,29.42,37.42,37.22,37.15,42.10,38.31,19.80,37.96,19.40,38.11,28.73,38.09,19.77,38.26,17.00,38.20,21.93,37.70,36.22,37.97,32.80,37.22,37.88,37.41,24.65,38.10,38.18,37.51,33.12,37.39,35.60,37.06,44.45,37.80,35.80,37.97,39.73,38.55,22.35,38.50,17.97,37.91,20.00,38.45,26.17,37.57,38.13,37.21,41.25,38.15,34.15,38.07,46.37,37.28,36.93
37.30,21.80,37.75,20.43,36.49,34.23,37.98,24.12,37.72,23.20,37.42,37.70,37.95,31.85,38.25,36.73,38.15,36.42,38.17,35.50,37.32,31.07,37.68,43.77,38.08,30.52,37.63,40.92,37.72,28.28,37.75,23.68,37.12,32.15,36.90,37.90,38.07,32.97,37.04,36.32,37.96,34.67,36.46,38.28,37.25,61.03,37.87,36.10,37.25,22.88,37.87,37.58,37.60,38.18,37.22,21.82,37.53,34.82,38.14,43.13,37.47,28.30,37.40,15.95,37.52,22.23,37.62,31.70,37.76,38.37,36.80,41.90,37.34,40.33,37.54,19.73,38.04,36.07,37.72,38.43,37.39,32.48,37.71,17.17,37.55,34.10,37.66,42.40,35.76,12.32,37.52,32.58,37.86,22.87,37.50,27.48,38.08,25.08,37.87,20.72,37.95,19.78,37.82,27.75,38.02,36.40,37.65,21.80,37.12,23.40,37.93,39.08,37.63,19.90,37.45,27.78,37.64,39.57,37.42,32.65,37.37,16.07,37.21,36.53,37.83,33.10,37.06,19.33,37.89,26.43,37.62,19.57,37.76,25.02,37.35,44.40,38.02,21.07,38.07,32.67,37.83,18.65,38.13,38.12,36.26,50.28,37.98,35.90,38.13,17.95,37.60,24.93,37.55,21.07,37.55,30.60,37.28,31.55,38.05,21.83,37.96,18.10,38.06,25.93,37.80,15.77,38.16,18.20,38.18,21.93,37.90,18.15,37.90,32.48,37.39,29.62,37.09,19.17,37.77,37.90,37.51,19.05,37.30,28.45,37.47,38.65,37.85,26.08,37.82,30.75,38.54,22.77,38.46,16.92,37.92,20.92,38.17,33.20,37.53,43.75,37.21,41.37,38.09,27.92,38.07,42.42,37.19,33.68
37.85,22.68,37.22,20.07,36.60,21.87,38.00,21.15,37.40,17.28,37.18,28.48,37.73,25.00,38.33,21.68,37.91,25.98,38.17,34.42,37.79,25.48,37.52,33.32,37.55,26.98,37.76,28.48,37.37,25.85,37.37,18.15,36.97,26.60,36.75,28.30,37.52,23.60,36.84,22.18,37.52,31.37,35.94,18.63,37.19,64.63,37.83,50.40,37.23,16.73,38.01,28.38,37.50,29.25,37.24,15.93,37.61,23.93,37.95,33.28,37.60,19.58,36.65,8.67,37.31,19.30,37.88,28.62,37.55,24.92,37.11,28.97,37.18,29.97,37.68,19.45,37.80,29.92,37.86,26.40,37.29,22.80,37.70,14.90,37.48,24.60,37.59,27.35,36.41,9.60,37.44,20.85,37.68,22.78,37.39,23.70,38.02,26.30,37.56,25.00,37.59,21.63,37.63,22.35,37.92,21.15,37.42,26.88,36.91,13.30,37.49,25.58,36.96,12.93,37.53,23.55,37.65,26.58,37.12,26.95,37.15,12.82,36.94,23.12,37.96,22.87,36.88,18.63,37.53,32.90,37.62,26.26,37.58,27.10,37.13,29.33,37.70,23.45,37.78,28.63,37.68,18.67,37.97,33.18,36.32,25.37,37.61,21.20,37.88,12.72,37.55,26.52,37.20,11.28,37.40,20.63,37.23,20.52,37.81,21.30,37.76,17.43,37.85,17.42,37.53,16.57,38.00,20.32,37.63,15.57,37.62,12.88,37.47,23.92,37.22,21.62,36.72,16.68,37.87,35.93,37.17,20.13,36.92,22.15,37.31,28.87,37.56,21.75,37.80,29.27,38.35,24.10,38.10,23.40,38.09,21.67,37.80,29.43,37.40,29.98,37.63,25.35,37.68,24.72,37.99,32.90,37.25,22.83
37.75,22.78,36.79,5.45,36.90,18.50,37.67,24.45,36.85,6.42,36.93,20.08,37.84,25.18,37.90,18.87,38.23,25.83,38.30,20.47,38.27,25.25,37.44,22.95,37.26,18.67,37.81,19.98,36.65,23.68,37.48,24.87,36.53,24.65,36.64,22.35,37.37,28.45,35.93,11.40,36.85,3.08,35.63,20.23,36.93,62.63,37.69,43.83,36.72,14.13,37.94,24.85,36.26,6.25,37.17,14.80,37.43,21.33,37.55,29.71,37.59,20.53,35.57,1.23,37.17,19.92,37.76,28.00,37.31,22.30,37.74,19.72,37.38,22.23,37.78,23.15,37.46,30.97,38.35,27.28,35.93,3.02,37.94,18.20,36.87,11.18,37.42,23.00,37.69,11.15,37.26,16.43,37.63,24.37,37.91,26.75,37.21,18.70,37.46,34.08,37.46,12.90,36.74,7.45,37.91,17.90,36.07,5.30,37.17,28.82,37.25,21.53,37.01,24.80,37.26,20.88,36.70,8.03,36.76,26.07,36.59,8.50,36.35,2.87,38.13,21.98,36.65,13.88,37.15,26.28,37.70,38.92,37.31,27.03,35.90,3.12,37.19,28.00,37.98,24.08,37.23,12.52,37.79,20.88,36.84,14.05,37.26,23.32,36.93,6.72,36.40,11.53,36.98,10.12,37.47,24.63,36.31,2.23,37.46,28.47,37.60,27.19,37.37,24.62,37.35,21.97,38.04,28.00,37.37,24.10,37.41,19.57,36.85,7.50,36.71,4.68,36.37,0.45,37.83,35.37,37.26,15.02,36.84,11.05,37.16,26.17,37.09,16.47,38.19,25.55,38.37,12.20,37.46,10.47,38.01,26.37,37.87,23.57,37.12,30.18,37.21,24.68,37.26,23.05,37.71,29.77,37.29,17.10
36.49,3.30,36.39,7.48,35.74,10.98,36.73,1.40,35.64,1.08,35.75,2.32,37.32,22.50,36.84,8.88,37.53,15.05,37.73,28.68,38.32,20.07,36.88,10.33,36.04,2.07,37.02,17.07,35.59,1.67,36.61,10.02,36.19,10.53,35.60,2.07,37.08,26.17,35.72,1.45,,,,,35.69,5.03,36.74,21.10,35.49,0.00,37.76,21.07,35.50,1.68,35.67,3.03,,,,,36.42,1.85,35.55,0.68,36.40,10.73,,,35.97,2.77,37.83,24.42,36.30,4.75,36.71,9.57,36.71,17.72,38.05,20.97,35.01,0.63,36.67,3.30,35.62,0.48,36.54,3.17,37.58,7.78,36.41,2.13,37.00,12.48,37.33,27.08,36.06,5.85,36.60,9.00,,,35.46,0.00,37.17,14.03,35.35,3.50,36.39,7.95,35.97,1.82,35.95,2.63,35.44,2.18,35.56,0.37,35.61,1.43,35.36,0.00,35.28,0.00,37.69,15.60,35.46,0.98,37.28,34.93,36.37,9.45,36.32,9.23,35.46,1.52,36.41,9.37,37.77,23.35,35.53,0.87,37.84,28.23,36.14,3.02,36.16,4.05,35.73,0.88,35.09,0.53,36.57,14.15,36.56,3.27,35.65,2.80,36.27,5.87,,,36.06,4.50,35.78,7.13,37.43,13.28,37.07,15.32,36.65,6.82,35.61,1.00,35.26,4.10,35.40,1.83,37.56,26.92,36.39,0.08,35.83,3.43,36.14,0.38,35.82,0.00,37.94,19.85,37.18,1.38,36.15,10.15,37.16,6.73,37.71,27.58,35.61,1.67,36.27,0.22,36.28,5.42,37.09,21.98,36.55,10.37
36.00,9.17,36.34,0.32,35.95,0.00,35.65,0.17,35.97,6.13,35.30,5.00,36.10,0.17,35.95,3.22,36.05,1.77,36.81,13.93,38.23,24.02,35.88,0.38,35.26,0.67,36.58,6.05,34.92,0.45,34.94,1.43,35.54,1.25,35.62,4.23,36.15,2.60,35.36,0.47,,,,,35.16,7.97,35.54,0.83,35.09,0.18,37.37,17.53,35.40,1.03,35.26,0.48,,,,,35.36,0.75,35.34,0.47,34.96,0.93,,,34.88,0.03,36.88,13.00,35.44,3.65,36.57,9.73,35.15,1.17,37.85,19.78,35.42,8.02,35.50,1.30,35.31,2.30,35.77,5.58,36.55,0.33,35.29,0.90,36.15,9.00,36.07,6.78,36.43,13.52,35.80,2.92,,,35.38,5.12,35.54,0.52,35.83,6.93,35.52,4.42,35.16,0.53,35.42,2.45,35.15,8.40,35.67,2.32,35.36,3.67,35.19,1.53,35.05,3.00,36.15,0.44,35.34,2.05,36.12,11.53,35.37,0.30,35.12,0.19,35.35,6.82,35.15,1.32,37.34,17.95,35.15,0.38,36.62,8.28,35.59,1.83,35.04,0.42,35.32,0.78,35.07,0.98,36.72,11.90,35.32,1.25,35.39,0.00,35.91,2.22,,,34.98,0.78,35.68,1.32,35.92,2.12,35.60,1.20,35.66,0.08,36.21,5.88,35.79,8.00,35.07,0.67,35.78,7.21,36.09,6.07,35.26,0.69,35.51,1.35,35.23,0.67,36.72,2.47,36.31,0.73,36.46,11.71,36.23,6.72,36.86,7.65,35.14,2.42,35.53,5.75,35.03,0.65,35.89,3.32,35.58,1.57
36.09,0.30,36.39,5.80,36.13,2.57,35.74,1.17,,,,,35.66,6.42,36.30,10.30,35.25,0.00,36.47,4.18,37.64,17.68,35.62,0.63,35.40,0.73,35.85,0.28,35.05,0.33,35.41,4.98,35.36,9.37,35.12,1.37,35.31,0.73,35.22,1.67,,,,,35.82,12.93,35.40,3.30,,,35.53,0.63,35.14,0.00,35.48,9.55,,,,,35.44,0.00,36.22,13.93,34.46,0.53,,,34.69,0.00,35.54,1.72,35.22,0.20,35.55,0.07,34.95,0.20,36.80,5.90,36.07,2.83,35.43,1.23,35.15,3.88,35.57,0.92,35.90,2.27,35.11,0.20,35.47,0.87,35.10,0.97,35.05,0.77,35.25,0.10,,,36.11,5.82,35.51,9.05,35.09,0.52,35.77,4.03,35.02,0.98,36.09,3.98,35.50,3.90,35.81,1.35,36.02,7.98,35.27,6.63,36.50,14.25,35.13,1.35,35.15,0.27,35.07,0.12,35.28,0.25,34.97,0.59,35.25,1.40,35.92,19.65,36.03,5.57,35.07,0.63,35.00,2.93,35.48,1.48,34.83,0.35,36.23,10.72,34.67,1.33,35.49,0.50,35.36,7.48,35.30,5.88,35.64,4.90,,,34.96,0.65,35.47,3.23,35.28,0.07,35.09,1.18,35.15,0.00,35.78,0.07,35.04,0.22,35.73,13.95,35.27,0.00,36.57,5.63,34.34,3.03,35.11,2.37,35.42,1.03,35.38,0.00,36.40,1.83,35.66,0.38,35.77,1.03,36.39,20.23,35.63,0.50,35.54,2.57,34.85,1.93,34.77,2.60,35.27,0.88
35.60,0.18,36.16,3.32,36.02,6.62,35.96,7.17,,,,,36.21,5.68,36.62,7.72,35.20,1.17,35.32,0.00,36.22,0.18,35.79,8.72,35.15,0.03,35.48,0.00,35.15,5.98,34.90,0.92,35.73,3.93,35.08,3.53,35.91,15.73,35.56,11.98,,,,,35.03,0.53,35.14,4.50,,,35.17,3.47,34.98,1.22,36.61,12.07,,,,,36.47,10.72,37.00,17.80,35.67,5.67,,,35.02,6.51,35.21,1.42,35.23,2.20,35.15,0.63,34.90,0.02,35.09,0.00,35.04,0.18,35.96,6.27,36.99,20.93,35.10,0.45,36.86,11.05,35.48,5.23,35.07,1.58,34.83,0.55,35.43,1.55,35.14,1.50,,,35.23,1.20,35.68,1.00,35.03,3.93,34.88,1.13,34.85,0.00,35.31,2.58,34.88,0.66,35.16,1.62,35.46,0.00,35.88,5.02,36.18,0.65,34.88,0.42,35.02,0.73,35.01,1.22,35.04,1.20,34.75,1.47,35.19,0.30,35.60,1.23,35.45,0.33,35.03,1.30,35.04,4.85,35.37,1.30,34.94,0.33,36.60,6.93,35.13,4.95,36.19,9.75,35.80,1.70,35.36,0.28,35.54,0.58,,,36.87,40.23,36.31,13.52,35.53,5.47,35.35,1.32,34.49,0.98,35.63,0.75,34.98,1.33,36.80,11.98,35.00,0.93,35.46,0.32,34.70,0.47,35.81,3.70,36.67,13.52,34.98,0.38,36.51,1.70,35.50,0.87,36.39,14.65,37.66,33.19,35.25,12.30,35.60,1.98,36.16,15.77,36.13,19.73,36.37,23.92
36.07,4.17,35.79,0.13,36.40,4.58,36.47,0.00,,,,,35.36,0.96,35.32,0.18,35.20,3.15,35.06,0.27,35.33,0.23,36.37,4.03,35.64,6.03,35.24,2.42,35.87,0.62,35.15,7.28,35.32,1.20,35.62,6.57,35.95,0.38,36.06,3.07,,,,,34.69,1.13,36.31,39.77,,,36.47,12.55,35.18,1.70,36.31,2.29,,,,,37.50,17.19,36.13,1.07,35.02,0.06,,,35.68,1.75,35.43,8.53,36.05,9.76,35.18,0.33,34.86,0.22,34.97,0.00,34.62,1.96,37.72,19.28,37.14,15.42,34.98,3.23,37.78,10.95,36.85,9.50,37.09,29.23,34.83,2.10,35.21,2.65,36.36,12.05,,,35.13,1.40,34.98,0.73,35.07,0.30,34.92,1.50,35.55,17.17,35.03,1.12,34.99,0.35,35.52,1.00,35.34,0.72,36.38,19.88,35.21,0.30,37.12,14.55,35.64,11.60,35.24,1.98,35.97,22.65,35.25,4.20,35.36,11.07,35.08,0.38,34.78,1.45,34.94,0.18,35.40,3.50,35.45,4.20,35.90,10.68,35.38,1.42,34.99,0.63,35.51,0.55,34.93,2.52,35.33,9.00,35.24,0.58,,,37.99,42.85,35.49,0.67,36.08,5.47,35.29,2.17,35.46,9.73,35.34,6.23,35.06,7.80,35.78,0.87,34.74,0.67,35.54,7.73,34.80,7.00,35.09,0.00,35.54,0.57,34.84,0.00,36.23,6.98,35.40,0.52,37.21,20.88,37.41,19.53,36.21,6.30,34.98,0.82,35.95,1.73,35.44,0.32,36.21,0.38
35.53,0.12,36.22,14.95,35.90,1.33,35.37,0.77,,,,,35.32,2.45,35.40,2.75,36.15,11.98,35.07,1.85,34.91,0.00,35.45,0.24,36.61,9.73,36.24,12.77,35.17,0.48,36.10,4.15,35.30,0.98,35.25,0.57,,,,,,,,,35.59,25.37,35.98,3.83,,,37.48,39.12,35.75,10.88,,,,,,,,,35.13,9.08,,,,,34.80,3.02,35.28,0.10,36.72,25.13,36.30,16.42,35.58,6.90,34.91,5.53,35.91,18.92,36.79,5.31,35.57,0.82,36.34,26.43,,,,,36.20,1.92,35.03,6.75,36.14,16.02,35.73,1.98,,,36.10,7.75,34.98,0.83,34.91,0.78,35.60,1.98,35.23,1.68,35.99,21.62,34.85,1.55,35.56,2.65,35.24,0.55,35.36,0.63,35.99,17.77,36.29,1.07,35.47,0.17,34.99,0.38,35.79,1.53,37.13,27.97,36.04,10.13,34.90,0.17,35.23,12.15,35.96,16.67,34.85,1.06,36.59,21.48,36.49,5.23,35.35,1.08,34.94,0.03,35.03,0.00,35.55,4.92,35.76,1.60,36.05,21.62,,,38.13,50.47,35.28,0.08,34.91,0.00,36.41,12.83,37.19,28.63,35.87,2.22,36.52,13.03,35.69,4.13,34.91,0.00,37.08,24.05,36.05,11.38,35.18,1.92,34.93,0.05,34.80,0.00,37.81,40.55,35.82,8.03,37.00,5.73,35.97,0.37,35.09,2.12,34.92,0.87,36.53,21.78,35.05,2.23,35.47,0.23
36.22,12.87,36.84,15.48,36.29,16.58,35.96,14.08,,,,,35.90,10.23,35.72,14.33,35.85,21.77,36.15,16.30,35.62,2.24,36.35,15.88,35.38,1.28,36.06,11.62,35.51,8.38,36.46,41.55,35.58,16.80,35.65,25.60,,,,,,,,,36.41,30.35,35.64,23.60,,,36.94,18.10,35.57,1.65,,,,,,,,,37.26,44.80,,,,,34.85,5.92,35.40,9.35,35.98,4.55,36.30,2.08,36.45,20.35,37.37,43.65,35.01,0.23,36.87,20.88,34.77,1.15,37.07,29.27,,,,,34.58,0.25,35.85,2.78,36.19,15.39,35.22,1.10,,,35.35,0.47,36.23,21.40,35.06,6.06,35.33,2.08,34.75,0.08,36.58,7.08,36.58,23.37,35.89,4.15,35.99,17.85,35.03,0.00,36.28,2.87,35.81,15.73,35.13,0.12,35.77,19.55,35.14,0.32,37.16,25.40,35.22,0.98,35.72,11.40,36.31,14.52,36.09,5.42,35.65,16.55,36.80,26.15,35.17,1.67,36.02,11.68,35.38,8.73,34.87,2.12,36.73,32.20,34.70,1.65,37.30,22.65,,,37.87,34.08,35.35,0.83,34.78,0.92,35.73,13.06,37.23,21.23,35.25,1.13,35.56,11.57,35.58,0.23,35.60,8.37,36.47,1.70,34.98,2.37,36.23,17.63,34.99,0.88,35.66,5.93,37.53,24.12,36.79,13.27,35.50,0.85,35.52,0.50,34.77,0.58,35.03,3.17,35.74,0.17,35.33,2.85,35.65,1.32
36.47,6.52,37.41,22.13,36.66,11.43,37.65,30.17,,,,,36.85,16.05,37.01,42.65,35.94,3.93,36.19,0.27,36.53,25.52,36.36,2.95,36.78,11.50,37.70,43.87,35.63,0.58,37.87,47.68,36.19,24.71,37.27,76.92,,,,,,,,,35.86,9.57,36.14,2.07,,,35.42,0.00,35.77,14.20,,,,,,,,,37.39,29.35,,,,,37.47,54.02,37.37,37.82,35.11,1.25,36.85,39.80,35.45,1.17,37.81,45.00,34.32,2.75,37.22,8.75,34.63,0.12,35.58,4.51,,,,,34.67,0.76,35.40,2.96,36.20,3.57,35.19,1.37,,,35.11,0.97,37.80,41.20,35.94,5.50,36.15,25.37,34.91,2.60,35.35,2.45,35.72,1.23,36.10,22.03,35.53,2.82,35.06,0.98,34.99,1.17,38.58,38.03,35.70,12.32,36.63,11.48,35.02,1.42,35.33,2.68,35.07,1.00,35.05,0.15,36.37,5.80,36.09,19.40,37.53,29.07,36.43,2.42,34.92,0.15,36.52,5.65,35.81,6.52,36.75,16.77,36.58,4.73,34.85,4.78,35.59,1.22,,,38.17,47.53,36.18,9.57,35.97,12.33,36.80,11.70,35.86,0.82,36.43,21.57,36.77,25.32,35.43,0.78,35.39,6.85,35.07,0.58,35.60,16.38,36.20,4.60,35.41,8.42,37.75,52.45,37.05,18.95,36.55,2.05,35.36,2.08,35.45,2.28,34.77,1.90,36.22,8.75,35.21,0.38,35.96,17.92,36.03,11.28
35.30,0.00,37.05,13.47,35.85,0.72,37.35,11.12,,,,,35.57,0.43,38.02,46.07,35.06,0.30,35.41,0.80,37.54,33.85,35.27,1.22,35.69,0.92,36.75,4.78,35.09,1.33,37.35,23.70,35.56,1.17,37.45,66.53,,,,,,,,,35.02,1.57,35.55,2.17,,,35.17,1.02,37.43,43.57,,,,,,,,,36.51,3.80,,,,,37.76,48.87,35.86,3.97,35.06,1.43,36.44,0.98,35.07,5.08,37.73,49.50,34.82,2.98,35.45,0.10,34.74,2.43,35.16,0.08,,,,,35.22,4.47,35.22,3.43,35.30,5.73,35.69,15.55,,,35.37,1.02,37.80,41.05,34.79,0.00,37.82,36.73,35.30,7.67,35.32,1.82,35.16,4.72,37.80,52.08,35.11,0.92,34.87,4.53,34.61,0.00,38.40,39.07,35.51,0.43,35.06,0.25,35.01,2.07,34.77,0.73,34.91,3.68,34.72,0.70,35.53,0.97,35.85,1.65,36.95,11.22,35.75,0.75,34.76,0.47,35.34,2.47,34.85,0.12,36.12,1.30,35.33,0.47,34.82,0.98,34.75,2.43,,,38.13,42.20,35.48,0.30,37.93,23.15,35.63,1.03,35.19,1.48,36.44,1.50,35.81,0.17,35.40,0.90,36.98,30.72,35.10,2.15,35.38,0.95,34.99,0.53,36.21,13.87,37.18,25.85,35.61,0.70,35.57,0.45,35.89,3.52,35.78,0.77,35.11,0.90,35.52,0.80,35.15,0.25,36.94,45.40,36.37,2.03
35.10,1.57,35.84,2.13,35.70,0.63,35.98,0.00,,,,,34.92,0.12,37.79,42.35,35.22,4.13,35.04,1.87,37.42,47.73,35.28,0.55,35.52,1.68,35.37,1.18,35.40,6.87,35.76,0.05,34.92,1.40,37.27,62.03,,,,,,,,,34.77,3.63,35.52,0.07,,,35.31,3.13,37.69,58.40,,,,,,,,,35.06,0.15,,,,,37.76,60.77,35.34,4.82,35.20,0.17,35.16,0.52,35.02,2.60,37.83,55.77,34.66,0.98,35.15,0.07,35.14,0.93,34.47,0.38,,,,,34.97,1.18,35.98,11.40,35.10,1.13,37.81,29.93,,,35.59,5.58,36.36,1.43,35.10,1.22,37.88,46.12,35.64,1.53,35.25,1.18,34.90,1.15,38.03,53.40,34.97,0.00,35.61,2.90,34.91,0.78,38.24,32.22,35.25,2.03,34.86,0.22,35.94,8.27,34.69,0.58,34.78,0.78,34.80,2.02,35.37,1.67,35.01,1.08,35.29,0.22,35.54,0.73,35.34,2.77,35.51,1.88,34.82,2.90,35.31,1.50,34.88,2.72,35.49,6.35,35.16,5.28,,,37.45,20.42,34.97,0.42,38.04,21.15,35.09,0.90,35.28,0.23,35.18,0.85,34.88,0.32,35.45,8.82,36.00,1.75,35.44,0.12,34.63,3.97,35.07,2.33,36.44,2.18,35.06,0.67,35.29,0.02,35.64,0.27,35.20,1.27,35.86,11.45,35.14,2.75,36.04,23.90,35.55,3.33,35.84,0.27,35.68,0.32
36.13,17.92,35.71,1.62,35.79,0.00,35.12,0.93,,,,,35.23,1.87,37.88,43.35,35.39,2.13,35.21,0.22,37.19,36.50,35.64,1.45,35.36,1.37,35.22,0.97,36.01,4.20,34.82,1.27,35.09,6.95,37.24,45.13,,,,,,,,,34.77,0.23,35.39,7.60,,,35.79,6.28,38.05,67.98,,,,,,,,,34.87,1.17,,,,,36.28,5.80,35.78,8.60,35.31,1.92,35.03,0.22,35.01,2.70,36.18,1.88,34.95,2.25,35.32,0.05,35.52,5.48,34.47,2.30,,,,,35.19,4.60,35.82,0.27,35.07,1.00,37.50,16.53,,,35.56,2.00,35.12,0.52,36.47,25.43,37.87,40.92,35.07,0.55,35.30,0.75,35.28,5.47,38.00,48.98,34.99,1.35,35.21,1.12,35.50,4.77,38.18,33.95,35.17,0.00,35.12,2.72,35.53,1.13,34.86,0.50,34.68,0.53,35.12,1.85,35.10,2.40,35.07,0.75,34.91,0.70,35.66,0.88,35.59,0.73,35.64,5.40,34.78,1.98,35.03,0.38,35.26,4.70,35.44,2.02,35.68,3.30,,,35.46,0.60,35.28,0.38,37.24,13.08,34.99,3.00,35.23,0.00,35.18,0.05,34.88,1.57,36.65,12.68,34.82,4.27,35.27,0.32,35.58,0.63,35.27,1.78,35.55,0.50,34.69,0.40,35.54,0.35,35.50,0.05,34.96,0.28,36.96,10.07,35.17,3.07,36.19,1.38,35.36,0.08,34.69,1.30,35.63,0.78
36.34,4.83,36.02,1.02,35.68,0.77,35.45,0.25,,,,,35.13,4.23,36.37,1.65,35.16,2.33,35.23,3.03,36.00,0.90,35.67,5.13,35.42,0.22,35.20,0.85,35.29,1.08,35.02,1.50,35.31,0.02,35.66,1.15,,,,,,,,,35.82,6.67,35.53,6.90,,,36.70,7.07,38.30,71.93,,,,,,,,,35.12,0.83,,,,,34.83,0.58,35.59,2.45,35.51,3.75,34.90,3.03,35.52,10.10,35.12,0.00,35.48,5.42,36.16,7.83,35.93,3.38,34.82,2.30,,,,,35.40,1.12,35.03,1.53,35.20,0.32,35.28,0.50,,,35.50,3.43,35.05,1.50,37.86,42.97,37.46,24.15,35.78,5.55,35.29,6.28,35.50,0.32,37.39,22.92,35.39,4.22,35.23,3.03,35.22,0.17,36.99,6.70,35.42,0.60,35.72,2.95,35.35,0.00,35.17,3.02,35.06,0.95,35.27,1.20,35.22,2.95,34.75,0.00,35.15,1.47,35.40,0.78,35.09,0.80,36.25,5.52,35.63,7.72,35.12,1.30,35.72,1.40,35.58,2.77,35.24,2.55,,,35.61,5.35,35.38,5.20,35.26,1.03,35.54,5.77,35.54,1.65,35.41,2.20,34.99,1.87,35.89,0.00,34.82,5.23,35.50,2.68,35.23,2.52,35.88,1.77,35.19,0.58,35.22,1.60,35.95,2.87,35.85,2.70,35.31,3.12,35.78,0.25,34.76,0.50,35.29,2.33,36.28,7.98,34.93,0.00,35.54,2.83
35.09,2.18,36.53,4.62,35.92,3.68,35.29,3.73,,,,,35.19,0.00,34.91,0.35,35.16,3.50,35.89,4.68,34.95,0.33,35.47,0.47,35.70,2.55,36.26,6.07,35.21,3.63,35.29,2.37,35.25,3.68,34.87,4.12,,,,,,,,,35.25,0.00,36.12,5.23,,,37.29,27.70,38.38,66.60,,,,,,,,,34.86,0.53,,,,,35.63,10.62,35.93,7.80,35.53,0.82,35.65,3.48,35.31,3.12,34.91,0.28,36.13,17.00,35.92,0.00,36.63,3.18,35.28,1.28,,,,,35.29,1.13,35.23,0.50,35.86,11.67,34.76,1.07,,,36.11,5.70,35.27,1.87,37.97,46.10,35.73,1.98,35.68,3.42,35.55,0.62,35.15,1.15,35.15,1.02,36.00,3.73,36.27,5.22,35.25,1.30,35.52,0.77,35.43,2.98,35.68,4.28,35.76,3.43,35.06,0.60,35.27,2.50,35.83,4.13,35.33,4.50,35.58,6.00,35.20,1.12,35.41,2.12,35.47,4.15,35.69,1.92,35.01,0.00,35.43,2.20,35.45,3.02,35.99,13.33,35.80,3.13,,,38.08,54.58,35.22,0.62,34.73,0.68,35.04,1.42,36.32,5.78,35.17,4.87,35.69,3.55,36.03,2.17,34.97,1.87,35.73,1.02,35.71,12.58,35.51,4.63,36.21,6.93,36.19,6.92,36.36,0.43,36.40,11.37,35.79,3.95,35.62,0.98,35.20,4.17,35.29,2.63,35.47,0.48,35.15,2.30,35.50,1.15
35.54,3.53,36.46,1.47,35.77,1.72,36.12,19.25,,,,,35.01,0.00,35.09,1.40,35.28,0.00,35.58,3.27,34.94,3.20,35.71,3.60,36.30,3.30,36.17,0.20,36.91,12.88,35.87,4.65,35.30,0.32,35.29,0.25,,,,,,,,,35.41,12.10,35.90,4.73,,,37.87,22.73,38.38,62.32,,,,,,,,,35.17,3.80,,,,,37.76,65.82,35.53,0.50,35.97,5.08,35.95,0.93,35.35,7.68,35.34,2.12,38.13,56.03,35.83,10.53,36.90,7.97,34.98,0.20,,,,,35.95,7.88,36.82,16.73,35.47,0.28,35.78,6.75,,,36.87,13.88,35.37,2.27,37.57,24.87,35.95,9.88,35.88,4.82,35.54,1.43,35.93,4.28,34.76,2.65,35.97,6.47,35.89,5.78,35.22,1.48,36.38,23.32,36.03,4.57,36.18,0.50,35.87,7.10,35.06,0.52,35.14,0.30,36.46,10.25,36.03,9.08,35.51,0.67,35.77,3.92,35.46,0.58,36.72,14.18,35.52,2.98,35.98,12.57,35.84,0.92,35.51,5.08,38.07,46.60,35.67,6.07,,,38.33,48.02,35.65,6.15,35.36,8.55,34.89,0.95,36.39,0.70,35.98,1.10,36.13,2.38,36.80,18.57,36.23,28.03,35.89,3.83,36.04,0.80,36.12,5.27,36.67,4.18,35.96,3.82,37.19,23.10,37.50,16.22,36.36,9.20,35.79,1.77,35.72,0.35,35.75,2.28,35.37,1.33,35.81,6.85,36.38,3.88
36.31,0.48,37.46,16.48,35.49,4.23,37.62,39.05,,,,,36.17,14.28,36.22,5.28,34.98,1.05,36.34,13.50,35.71,3.02,36.12,15.37,35.76,1.07,35.91,2.72,36.86,10.82,35.98,8.03,35.29,3.30,35.19,8.08,,,,,,,,,35.72,1.13,37.49,68.40,,,37.04,1.80,38.37,62.72,,,,,,,,,36.65,21.45,,,,,38.10,65.23,36.50,20.98,36.49,13.17,36.62,13.78,36.01,4.98,36.12,18.15,38.05,64.15,38.24,33.83,37.23,9.27,35.32,1.78,,,,,36.53,4.20,38.18,18.18,35.91,11.23,37.54,23.00,,,37.42,8.87,36.11,19.37,35.82,9.53,38.06,61.95,37.48,48.08,36.16,4.90,36.89,28.00,35.79,17.47,37.03,23.35,36.64,11.30,35.70,3.17,37.34,11.18,36.85,23.97,36.44,13.55,36.59,18.33,35.73,2.93,35.19,3.28,36.20,20.35,35.66,1.82,35.61,1.95,35.69,4.02,35.46,1.53,37.42,8.72,35.80,1.33,35.65,6.38,35.68,0.35,36.23,7.38,38.10,40.78,36.63,13.22,,,38.13,40.98,35.59,1.55,35.51,1.80,35.21,6.15,36.12,3.63,35.76,1.60,36.36,12.87,38.11,14.67,36.52,9.00,36.41,4.72,35.88,7.25,36.57,8.77,35.94,4.57,36.61,16.50,38.05,35.82,36.61,3.33,36.95,21.08,36.34,7.28,35.99,8.42,36.41,8.17,35.88,4.05,35.64,3.23,36.43,17.78
36.96,18.63,38.04,23.82,36.06,17.78,37.71,35.75,,,,,37.55,29.97,36.68,29.58,35.68,9.35,37.54,29.62,35.89,8.92,38.22,55.83,36.30,4.72,36.88,20.58,36.21,4.10,38.01,66.32,35.75,10.02,36.30,41.30,,,,,,,,,35.91,10.70,37.91,71.20,,,36.81,7.83,38.41,67.52,,,,,,,,,35.99,1.02,,,,,38.14,64.87,35.85,7.37,38.03,31.45,36.31,4.03,36.76,18.12,38.05,52.62,37.88,77.78,38.49,40.28,37.52,15.23,35.77,4.33,,,,,36.13,2.23,38.05,16.17,38.03,44.18,36.15,9.33,,,36.72,5.03,38.14,44.62,38.19,60.92,38.20,57.77,38.51,80.03,37.53,23.50,38.29,67.13,38.09,58.10,37.91,19.82,37.71,22.28,35.82,2.43,36.34,1.02,38.10,43.50,36.81,22.63,38.07,44.23,36.46,10.87,35.46,0.83,38.34,59.87,36.06,4.68,36.04,6.33,36.23,20.83,35.83,5.13,37.90,20.62,36.36,15.70,37.72,44.00,35.91,5.58,35.90,3.37,38.12,45.03,38.21,40.48,,,38.35,56.22,36.87,19.63,35.60,0.43,35.64,4.38,37.74,26.83,35.91,11.27,37.80,59.02,38.18,23.30,35.59,13.53,36.50,6.80,36.84,29.27,37.32,11.43,37.10,19.75,37.69,53.65,37.87,41.57,36.52,8.07,38.33,37.82,36.27,2.25,37.06,48.10,36.44,14.80,35.90,1.03,36.17,8.22,38.07,45.68
38.02,18.15,38.09,23.05,36.46,30.78,37.64,40.37,,,,,37.73,34.28,38.19,68.63,36.75,19.18,37.56,26.22,37.66,51.37,38.38,64.38,36.23,6.73,38.11,46.87,37.55,21.15,37.96,51.30,36.52,36.77,37.65,90.90,,,,,,,,,37.96,98.37,37.92,72.93,,,37.61,24.18,38.22,62.68,,,,,,,,,34.91,0.68,,,,,38.16,68.40,37.67,48.37,38.04,27.05,38.04,60.83,37.71,24.80,37.95,53.28,37.89,78.07,38.47,37.20,37.68,18.38,37.40,47.17,,,,,37.33,26.63,38.35,24.08,38.53,44.63,38.27,33.65,,,36.52,4.85,38.24,58.47,38.40,52.03,38.25,56.12,38.42,80.10,37.85,21.98,38.20,63.30,38.29,57.98,37.89,32.67,38.00,24.17,37.71,54.20,38.32,41.65,38.19,40.65,38.15,42.38,38.00,30.38,38.61,49.88,37.03,35.10,38.42,54.03,37.27,24.05,37.75,36.05,38.01,37.17,37.49,55.17,37.53,13.62,37.58,21.13,38.24,40.10,37.11,13.08,37.73,23.43,38.15,42.88,38.31,39.73,,,38.32,46.25,37.71,15.93,35.34,1.10,35.29,2.87,38.39,21.20,37.47,51.82,37.93,58.57,38.08,26.10,38.03,68.08,37.69,33.05,37.91,61.70,38.14,22.63,38.39,56.03,38.18,60.03,37.79,33.78,37.74,19.43,38.40,41.43,37.19,32.03,38.06,71.92,37.77,59.38,37.50,41.40,37.92,90.70,38.04,43.30
38.40,30.37,37.75,16.57,36.30,22.65,37.63,30.02,,,,,37.77,28.28,38.34,67.93,37.86,33.60,37.28,15.85,37.51,50.68,38.38,65.38,37.55,35.78,38.23,56.80,37.54,14.97,38.13,60.70,36.64,40.17,37.63,81.77,,,,,,,,,38.18,95.77,38.01,81.13,,,37.42,14.48,38.27,58.68,,,,,,,,,34.78,1.35,,,,,38.15,68.13,37.67,46.32,38.05,33.58,38.29,57.20,37.51,23.87,37.98,48.67,37.96,73.23,38.15,35.50,37.53,20.77,37.88,42.87,,,,,38.25,38.25,38.52,22.15,38.55,43.07,38.47,40.23,,,37.34,14.63,38.27,50.83,38.55,56.38,38.25,52.23,38.46,75.73,37.95,19.58,38.35,72.07,38.36,62.72,37.96,28.13,37.91,17.65,38.28,54.42,38.34,30.22,38.31,45.67,38.36,43.65,38.15,39.70,38.53,52.45,38.08,63.98,38.55,52.28,38.10,27.15,38.49,49.10,38.24,36.92,38.47,76.35,37.76,14.62,37.21,7.27,38.26,40.28,37.96,18.25,38.09,28.12,38.14,40.92,38.23,35.88,,,38.34,48.63,38.15,19.72,35.68,6.75,35.23,6.47,37.76,30.93,37.66,50.78,38.09,75.30,37.89,28.07,38.15,63.63,37.66,32.15,37.80,58.22,38.01,23.35,38.44,67.60,38.20,82.18,37.59,26.53,37.94,15.05,38.45,40.35,37.74,27.50,38.21,82.57,37.85,75.20,37.83,32.98,38.03,71.47,38.11,39.48
38.21,20.17,37.75,17.40,36.13,25.48,37.58,33.43,,,,,37.81,30.88,38.44,62.25,37.94,28.68,37.45,22.53,37.77,53.03,38.44,60.12,37.84,56.35,38.16,53.85,37.10,12.43,37.67,41.17,36.55,33.27,37.70,85.18,,,,,,,,,38.16,92.13,38.02,83.07,,,36.10,0.07,37.78,29.30,,,,,,,,,36.13,4.43,,,,,38.08,77.60,37.75,48.78,37.98,30.20,38.15,40.13,36.69,12.27,38.05,61.63,37.98,69.97,38.20,35.25,36.78,3.97,38.23,63.40,,,,,38.22,38.20,38.40,17.35,38.44,44.60,38.52,40.68,,,37.63,16.03,38.22,47.30,38.59,54.65,38.31,48.82,38.45,71.53,37.78,24.08,38.40,57.58,38.34,50.52,37.70,25.40,37.90,20.03,38.46,56.33,38.27,30.73,38.36,41.37,38.24,42.85,38.22,36.15,38.45,54.38,38.18,58.22,38.50,58.60,37.90,19.95,38.51,53.32,38.10,37.93,38.44,62.27,37.82,15.33,36.52,7.55,38.31,32.13,37.39,9.85,37.98,24.83,38.19,41.13,38.41,41.58,,,38.39,48.52,37.97,22.35,38.22,31.13,35.82,1.02,37.86,22.27,37.71,42.00,38.07,52.05,36.82,18.15,38.19,63.02,37.66,27.58,37.75,59.17,37.99,29.33,38.65,77.77,38.08,64.88,37.41,28.30,38.02,22.77,38.47,35.67,37.97,34.90,38.17,74.55,37.85,59.50,37.63,27.15,38.04,94.22,37.95,47.52
38.29,31.32,36.36,1.32,36.25,28.00,37.72,36.82,,,,,37.81,37.12,38.38,58.07,37.89,38.32,37.44,18.48,37.78,57.43,38.49,67.90,37.84,56.85,38.22,48.32,35.91,1.48,37.96,63.83,36.55,34.17,37.61,65.17,,,,,,,,,38.26,95.47,37.75,61.23,,,36.00,5.68,37.99,54.95,,,,,,,,,36.32,1.77,,,,,38.05,68.38,37.63,41.58,37.90,33.45,38.09,42.33,36.27,3.52,37.97,59.72,37.99,73.15,38.04,26.13,35.50,0.48,37.95,45.58,,,,,38.21,37.38,38.57,27.43,38.34,31.00,38.55,41.02,,,37.83,26.35,38.29,54.22,38.69,55.88,38.24,46.58,38.59,77.70,37.83,20.18,38.46,67.45,38.40,53.85,37.64,22.60,37.89,21.35,38.57,48.42,38.23,37.57,38.44,40.23,38.34,52.37,38.20,40.28,38.45,54.53,38.32,68.10,38.52,53.67,37.96,27.42,38.49,44.05,38.05,37.37,38.55,60.28,38.40,27.30,37.66,11.58,38.38,45.35,35.87,1.28,37.98,27.75,38.22,40.10,38.19,35.38,,,38.34,42.22,37.92,21.90,38.44,32.67,35.50,1.03,37.64,22.17,37.69,49.38,38.11,79.12,36.98,22.60,38.27,75.50,36.81,2.77,37.69,56.40,37.93,27.30,38.56,77.02,38.19,68.98,36.44,1.87,38.16,20.48,38.61,41.25,37.68,28.75,38.23,78.42,37.87,60.12,37.76,24.18,37.98,77.38,38.05,40.50
38.02,27.68,36.70,11.52,36.12,21.97,37.61,34.10,,,,,37.61,30.72,38.39,57.30,37.70,30.72,36.23,0.68,37.80,58.52,38.41,56.28,37.73,44.70,38.20,54.47,35.08,1.05,37.77,50.50,36.64,49.93,37.75,77.12,,,,,,,,,38.28,91.20,38.01,78.13,,,35.84,1.43,37.98,53.38,,,,,,,,,36.75,5.10,,,,,38.03,59.63,37.81,47.75,37.97,30.90,38.17,37.67,36.57,9.08,37.99,53.27,37.95,65.42,38.09,32.45,34.93,0.40,38.09,54.13,,,,,38.29,39.07,38.64,30.28,38.53,41.53,38.61,42.55,,,38.08,24.23,38.21,47.52,38.76,50.97,38.15,46.42,38.54,71.68,38.11,29.77,38.46,59.10,38.30,52.88,37.94,33.63,37.84,22.62,38.63,56.83,38.17,31.78,38.43,37.30,38.25,53.93,38.24,41.17,38.43,46.98,38.24,58.80,38.58,52.15,38.09,27.77,38.60,53.98,38.10,45.78,38.62,76.12,37.68,18.63,36.77,2.82,38.29,34.72,36.01,13.77,37.71,19.32,38.28,50.12,38.21,31.42,,,38.51,55.50,37.93,21.05,38.47,31.07,36.08,6.43,37.97,24.12,37.75,55.35,38.16,70.93,36.16,0.03,38.20,70.87,36.71,3.97,37.68,57.08,37.86,24.25,38.58,73.30,37.89,71.20,35.54,2.57,38.23,17.02,38.65,38.57,37.72,33.67,38.29,72.85,37.93,64.10,37.73,33.85,37.84,67.98,37.87,38.42
38.09,24.70,37.62,13.75,36.18,27.00,37.56,32.70,,,,,37.80,36.87,38.40,54.82,37.72,37.70,35.32,3.25,37.74,49.12,38.61,66.17,37.82,54.85,38.15,52.42,34.83,2.33,37.68,47.48,36.59,42.88,37.66,68.72,,,,,,,,,38.36,97.73,38.00,72.13,,,35.52,3.45,37.68,29.50,,,,,,,,,37.47,10.45,,,,,38.02,61.45,37.58,33.72,37.87,30.58,38.09,34.98,37.26,22.55,38.01,52.52,38.06,74.02,38.25,29.97,35.05,1.78,38.18,53.55,,,,,38.37,27.32,38.58,24.92,38.58,36.62,38.59,35.50,,,37.88,23.28,38.24,45.58,38.74,57.62,38.18,36.72,38.54,69.13,37.83,18.98,38.47,62.47,38.36,51.87,37.60,23.63,37.86,18.90,38.44,72.57,37.46,10.68,38.47,43.77,38.31,46.43,38.27,40.85,38.46,53.73,38.29,62.07,38.59,54.62,38.07,30.05,38.50,36.30,37.95,31.15,38.54,65.62,37.68,16.77,37.53,18.75,38.26,28.83,36.51,5.55,37.79,22.35,38.29,42.48,38.29,36.18,,,38.45,53.18,37.54,15.73,38.18,22.85,36.66,9.97,37.75,18.60,37.81,56.23,38.17,67.57,35.35,0.88,38.23,64.28,37.57,22.55,37.58,56.30,36.90,9.48,38.65,79.03,37.85,63.57,35.47,4.43,37.62,17.72,38.51,31.67,37.59,28.38,38.30,76.77,37.65,51.45,37.28,20.15,37.99,81.67,38.00,47.30
37.92,26.30,37.79,21.80,35.88,18.27,37.60,33.40,,,,,37.64,28.08,38.52,49.82,37.71,33.68,37.20,22.80,37.69,49.33,38.46,64.23,37.81,50.03,38.10,49.58,36.27,19.90,37.89,60.05,36.54,42.85,37.67,76.97,,,,,,,,,38.17,75.57,37.89,66.53,,,37.47,19.10,37.72,37.60,,,,,,,,,36.87,10.58,,,,,38.22,60.25,37.28,20.48,37.82,30.15,37.92,37.47,37.42,28.50,37.81,39.38,37.96,64.50,38.08,23.37,37.06,22.08,38.04,44.50,,,,,38.37,30.43,38.63,31.70,38.62,43.78,38.50,38.03,,,37.20,9.47,38.25,47.10,38.73,63.37,38.04,43.25,38.64,67.10,38.17,35.58,38.49,61.87,38.34,48.85,37.39,22.55,37.78,22.28,38.22,55.70,36.40,0.02,38.50,40.28,38.18,36.00,38.25,39.25,38.31,35.10,38.27,61.38,38.61,56.42,37.97,26.87,38.60,44.08,38.12,40.85,38.63,76.63,36.19,1.07,37.96,15.97,38.19,35.12,36.36,1.28,37.00,11.08,38.36,49.20,38.05,27.13,,,38.46,49.98,35.93,0.77,38.29,24.03,37.45,26.07,38.25,32.38,37.72,49.23,38.20,70.37,35.59,6.87,38.43,67.97,38.18,27.05,37.13,31.62,35.60,2.20,38.57,72.05,37.94,77.57,35.65,1.87,37.40,20.48,38.60,41.37,37.42,28.13,38.25,71.40,37.61,47.15,37.53,19.13,37.92,76.45,37.86,40.38
38.12,28.47,37.06,2.40,36.14,26.52,37.44,29.52,,,,,37.77,32.97,38.35,57.83,37.22,29.83,37.35,19.43,37.80,45.12,38.50,79.87,37.73,52.05,38.12,47.75,36.45,0.33,37.77,47.32,36.54,34.02,37.64,76.02,,,,,,,,,38.38,94.93,37.48,53.20,,,37.84,29.35,37.13,16.77,,,,,,,,,38.32,22.33,,,,,38.28,42.90,37.26,23.32,37.79,33.65,37.96,33.38,37.65,22.92,37.87,42.68,38.08,75.38,37.83,21.57,37.00,9.42,38.25,56.40,,,,,38.41,33.30,38.55,22.70,38.49,36.43,38.52,39.33,,,35.80,0.65,38.14,46.03,38.61,47.88,37.83,24.53,38.64,70.77,37.96,27.12,38.52,62.87,38.28,49.98,37.66,33.22,37.87,31.02,38.18,61.12,35.72,1.83,38.54,41.13,38.34,50.77,38.17,36.47,38.26,47.78,38.32,67.60,38.68,57.52,37.88,23.73,38.60,38.53,38.07,40.32,38.61,73.20,35.08,0.07,38.20,27.28,37.58,27.32,37.71,32.55,36.17,0.62,38.29,40.05,38.29,28.03,,,38.38,37.85,35.41,1.42,38.37,25.88,37.32,17.58,38.01,18.38,37.67,49.88,38.13,64.08,36.28,2.43,38.60,66.23,37.80,35.20,37.54,59.65,35.38,0.53,38.34,55.42,37.84,85.65,36.14,12.40,36.43,4.12,38.54,32.03,37.55,32.48,38.40,77.40,37.61,50.27,36.30,1.05,37.65,58.53,37.51,22.47
37.61,21.80,36.22,1.17,35.82,20.02,37.04,5.65,,,,,37.56,30.88,38.34,57.53,37.70,34.67,37.98,54.20,37.70,48.37,38.53,58.35,37.85,48.00,38.17,47.17,35.47,2.17,37.64,46.00,36.21,23.48,37.48,67.65,,,,,,,,,38.24,81.13,37.71,60.80,,,37.61,21.73,36.30,5.70,,,,,,,,,38.17,35.43,,,,,38.35,53.95,35.73,3.70,37.89,32.98,37.87,48.30,37.83,35.33,37.87,37.48,37.74,49.17,37.55,21.80,35.48,0.57,38.22,50.00,,,,,38.38,26.50,38.68,27.95,38.65,42.25,38.46,30.00,,,35.27,1.05,38.02,37.00,38.74,60.73,38.22,58.50,38.02,20.00,37.80,23.90,38.51,52.22,38.31,52.60,37.07,10.10,37.95,26.30,38.32,69.12,35.35,1.78,38.59,42.78,37.99,16.08,38.27,39.83,38.51,51.95,38.23,59.22,38.67,53.77,38.08,24.07,38.54,35.38,38.03,36.45,38.61,67.43,34.98,0.72,38.01,20.85,37.70,31.80,38.44,37.87,35.24,1.17,38.27,37.75,38.28,37.35,,,38.34,42.62,35.69,1.53,38.45,27.62,37.14,18.08,38.10,39.10,37.75,50.73,37.93,40.50,35.76,2.93,38.39,64.73,36.91,12.67,36.60,19.15,35.31,0.72,38.58,72.15,37.66,58.23,37.70,32.35,35.65,1.18,38.43,32.00,37.47,25.48,38.29,64.70,37.53,56.18,35.81,2.27,37.93,77.42,37.36,20.13
37.76,27.12,36.08,1.98,35.53,6.48,35.83,1.48,,,,,38.03,24.40,38.35,58.42,36.28,2.43,37.93,60.60,37.95,31.45,38.63,62.93,37.74,54.88,38.23,54.53,35.71,13.55,37.68,41.18,36.26,32.58,37.63,57.28,,,,,,,,,38.36,86.67,37.55,47.87,,,36.79,2.67,34.83,0.53,,,,,,,,,38.24,52.63,,,,,38.43,58.55,35.17,1.48,37.47,21.78,38.17,37.55,38.03,73.73,37.90,44.30,37.78,27.60,36.79,1.25,34.89,0.47,37.97,43.17,,,,,38.25,30.98,38.55,20.55,38.71,44.28,38.44,29.67,,,35.06,1.95,37.97,21.27,38.68,54.58,37.85,27.75,38.17,30.32,36.96,16.85,38.56,51.92,38.11,38.67,35.57,1.77,37.99,30.57,37.96,29.80,36.07,0.97,38.51,35.65,37.83,21.43,38.30,37.73,38.32,40.13,38.21,54.93,38.62,52.62,37.97,27.40,38.58,41.85,38.06,32.57,38.50,56.95,35.67,2.50,37.55,19.68,37.48,32.07,38.16,38.65,35.28,1.45,38.33,42.52,37.98,23.72,,,38.37,39.95,36.30,15.70,38.37,25.08,37.62,23.42,38.04,28.00,37.36,37.22,38.01,52.05,35.71,1.57,38.40,61.45,35.77,1.08,36.42,5.28,35.75,5.48,38.54,68.17,37.45,56.22,37.58,26.20,35.79,1.45,38.48,32.40,37.03,11.43,38.28,59.83,37.54,48.93,37.16,26.62,37.70,64.10,36.00,0.95
37.61,25.55,35.87,5.02,34.97,0.77,35.38,5.05,,,,,38.31,22.48,38.39,57.30,34.74,2.15,37.88,54.90,37.71,44.92,38.45,55.40,37.82,49.25,38.11,42.32,36.68,6.67,37.36,35.02,36.53,32.70,37.49,64.78,,,,,,,,,38.20,74.07,37.45,51.20,,,35.62,0.70,33.90,0.28,,,,,,,,,38.27,43.43,,,,,38.16,38.83,36.45,27.97,35.74,0.28,37.62,18.02,38.09,73.17,37.93,37.70,37.73,42.95,35.54,2.87,34.84,1.90,38.19,58.13,,,,,38.25,24.43,38.72,26.67,38.58,43.17,38.56,34.90,,,34.83,1.68,38.16,50.02,38.60,49.83,37.71,21.90,38.17,39.48,37.68,28.93,38.53,46.13,38.20,42.47,36.23,6.57,37.70,22.48,38.29,74.35,36.54,20.17,38.35,26.55,37.91,23.77,38.14,36.62,38.29,38.72,38.39,64.92,38.64,54.08,37.88,23.98,38.45,39.08,38.10,31.77,38.50,52.03,36.20,4.45,37.62,17.35,37.28,22.97,38.30,30.25,35.87,14.98,38.24,23.17,37.06,6.55,,,37.75,11.40,37.57,19.42,38.35,26.62,37.51,20.42,38.11,34.20,37.72,54.45,37.55,16.72,35.70,1.50,38.45,60.47,35.20,1.33,35.61,1.62,37.25,27.57,38.55,67.75,37.38,56.35,37.30,20.58,36.16,2.95,38.18,23.50,36.05,0.08,38.22,63.13,37.57,55.27,37.22,27.57,37.66,63.93,34.75,0.28
36.84,9.15,36.17,7.52,34.90,3.78,37.00,24.98,,,,,38.19,33.68,38.18,42.32,35.17,11.13,37.81,49.65,37.63,27.28,38.29,51.95,37.73,47.80,37.99,48.77,35.70,0.75,37.56,33.95,35.75,1.50,37.51,65.47,,,,,,,,,38.17,76.00,37.28,43.60,,,34.77,2.00,34.25,2.18,,,,,,,,,37.90,17.52,,,,,38.17,49.13,37.64,28.57,35.08,0.57,38.11,51.55,38.06,60.95,37.46,28.88,37.59,30.78,35.39,1.22,34.91,0.05,38.14,56.07,,,,,38.28,24.28,38.74,27.65,38.54,35.03,38.60,35.25,,,35.08,0.87,37.65,18.63,38.62,55.58,38.03,41.00,38.23,29.90,36.29,1.08,38.50,47.27,38.13,38.02,35.98,0.35,37.52,18.08,38.13,40.95,38.00,28.30,37.99,16.00,37.74,23.00,37.32,17.85,38.09,33.15,38.20,52.20,38.50,48.87,37.81,23.73,38.60,54.12,38.03,34.15,38.40,53.18,36.32,2.37,36.00,2.13,35.89,0.85,38.28,32.08,37.60,27.02,37.88,14.58,35.93,6.13,,,37.64,20.93,37.22,12.82,38.19,20.52,37.40,21.40,38.13,29.53,37.69,50.03,36.84,4.93,35.79,4.43,38.44,69.08,35.40,3.13,35.11,2.25,37.93,28.82,38.57,69.77,37.60,66.02,36.53,2.48,36.10,7.68,38.32,18.95,35.65,1.57,38.19,51.00,37.48,40.37,37.42,38.05,37.74,75.13,35.02,2.17
35.45,0.20,36.21,1.45,35.50,2.35,37.38,20.82,,,,,38.14,36.97,38.12,41.75,37.13,22.03,38.00,49.62,37.75,40.65,38.15,34.83,37.83,55.48,37.96,50.20,35.07,1.32,37.71,53.38,34.64,2.30,37.42,48.27,,,,,,,,,37.98,58.20,37.20,33.43,,,35.09,2.68,36.56,37.57,,,,,,,,,38.01,18.47,,,,,38.11,43.07,37.62,26.93,35.06,0.37,37.92,35.03,38.04,58.15,36.68,11.70,36.75,15.13,36.26,8.37,35.60,15.22,38.24,64.87,,,,,38.13,20.82,38.49,20.82,38.21,22.25,38.51,33.27,,,36.19,10.43,37.85,21.83,38.54,54.20,38.13,52.73,37.72,16.27,35.41,1.70,38.48,48.85,38.00,41.12,36.00,4.22,36.08,1.65,38.19,54.75,37.94,32.15,38.17,26.95,36.83,8.38,35.52,2.25,37.74,26.43,38.37,48.50,38.57,42.07,37.36,19.35,38.43,38.57,37.96,34.50,38.49,53.73,36.03,1.10,35.49,1.85,35.22,1.22,37.95,18.55,36.45,2.72,38.08,33.02,36.00,12.43,,,36.90,9.88,36.06,3.43,38.06,19.62,37.57,30.13,38.06,42.28,37.33,39.88,37.46,25.22,35.89,6.12,38.51,53.75,35.59,2.17,36.56,32.50,37.16,18.47,38.60,34.80,37.43,54.52,35.49,1.98,37.01,18.23,38.06,16.58,35.77,1.93,38.34,61.68,37.57,57.27,36.94,23.45,37.57,45.43,35.63,4.93
35.45,0.72,35.92,0.85,35.73,0.70,36.95,17.38,,,,,38.02,31.15,38.13,38.55,37.36,25.10,37.94,51.60,37.33,18.98,37.74,17.12,37.63,42.78,38.08,54.90,35.12,2.05,37.65,46.82,34.99,1.78,36.50,3.03,,,,,,,,,38.04,73.00,35.83,3.07,,,35.16,0.00,38.01,22.52,,,,,,,,,38.17,33.30,,,,,37.91,36.22,37.73,35.82,36.15,13.25,37.82,36.27,37.92,46.30,35.61,1.78,35.21,0.77,38.14,26.55,36.34,2.67,38.06,52.68,,,,,37.77,17.88,37.69,12.80,37.94,18.62,38.46,28.60,,,36.30,1.77,36.53,3.70,38.49,51.58,37.88,26.35,35.73,1.25,35.53,1.58,38.43,43.08,37.39,18.32,36.58,1.32,35.02,2.03,38.08,51.65,37.41,16.07,38.36,35.17,35.36,1.50,34.87,2.53,37.65,18.47,38.07,29.05,38.43,48.17,36.65,8.57,38.25,36.73,37.98,34.98,38.48,52.98,35.33,0.22,35.94,2.12,35.30,0.47,37.66,24.40,35.45,2.60,37.82,22.47,37.88,15.35,,,35.41,0.42,35.86,4.55,38.23,23.22,37.30,20.27,37.78,29.83,37.57,51.77,37.89,30.40,35.93,2.35,38.08,41.37,36.04,9.20,36.71,23.10,35.94,0.22,38.45,15.75,36.94,12.42,35.47,0.38,36.19,2.37,38.25,27.52,36.74,15.78,38.18,22.12,37.36,38.50,36.71,29.87,37.05,21.33,37.26,29.67
36.16,2.30,35.97,3.70,35.48,13.52,36.26,4.18,,,,,34.91,0.67,35.27,1.38,35.13,0.47,37.85,40.83,37.42,26.72,36.23,0.87,37.58,47.38,37.95,46.30,35.34,4.52,37.62,50.52,36.49,35.72,35.12,1.98,,,,,,,,,37.97,67.83,35.26,6.07,,,35.69,1.85,37.36,10.55,,,,,,,,,37.45,16.70,,,,,35.03,0.13,37.04,17.43,37.22,15.48,37.35,8.40,38.01,49.30,34.75,0.23,34.17,1.77,35.93,1.40,36.06,9.58,38.01,40.13,,,,,35.62,1.52,34.88,1.33,37.37,10.08,37.50,9.83,,,35.66,2.83,35.29,1.98,38.55,49.10,38.36,55.68,34.94,1.38,36.04,6.80,38.39,38.75,35.58,1.03,37.23,27.90,35.46,5.07,37.82,27.52,34.88,1.10,37.97,41.18,34.80,1.60,35.16,0.72,35.50,0.55,37.75,20.00,38.37,32.68,35.13,1.32,36.82,0.23,37.68,24.43,38.30,39.20,37.30,11.40,35.86,2.22,37.60,19.78,36.78,5.87,35.29,5.00,35.30,1.03,37.42,12.55,,,35.35,2.23,35.86,2.65,36.91,8.98,35.66,0.90,35.85,0.97,37.50,45.05,36.91,1.30,35.80,1.18,37.77,20.40,35.88,0.78,36.38,18.83,34.97,2.80,37.68,11.22,35.28,0.55,36.14,6.33,35.86,0.35,38.21,29.53,37.39,19.42,36.56,1.90,37.19,37.97,35.12,0.20,36.17,2.67,37.70,28.42
36.17,0.35,36.36,2.72,35.81,10.57,35.33,3.30,,,,,35.12,0.45,34.85,0.95,35.56,1.33,37.79,27.33,36.85,17.63,35.55,2.15,37.83,56.15,37.64,29.28,36.34,4.53,37.66,44.08,36.35,28.90,35.73,13.70,,,,,,,,,37.16,35.63,35.82,19.57,,,36.23,17.18,36.00,0.00,,,,,,,,,37.50,14.72,,,,,34.58,0.13,35.92,1.20,35.85,1.73,35.82,1.20,37.69,39.98,35.03,1.58,35.10,23.35,35.37,1.32,36.82,5.78,37.92,36.57,,,,,35.27,3.10,35.90,6.28,36.05,1.10,35.67,1.33,,,36.07,7.85,35.63,2.70,38.14,27.97,38.07,32.32,35.25,2.78,36.42,9.78,37.95,15.32,34.53,0.15,37.58,22.10,35.91,1.12,37.87,36.12,35.08,2.88,36.96,10.43,35.12,0.55,35.00,1.87,34.74,0.68,37.65,33.73,37.56,15.45,35.06,0.32,35.46,1.00,37.01,12.78,37.72,25.60,36.67,3.75,36.12,6.90,37.10,17.92,35.48,0.93,35.58,2.43,34.94,7.15,36.28,0.25,,,34.98,0.27,35.96,1.35,34.92,0.75,35.76,12.43,35.48,1.87,37.08,33.18,36.51,3.68,36.64,10.57,37.69,38.18,35.25,4.73,35.88,6.60,35.31,3.92,35.93,1.55,35.39,3.10,36.23,0.73,35.52,1.85,38.19,26.35,36.39,2.13,35.79,2.63,37.00,38.62,35.52,6.20,35.05,0.80,36.98,16.88
35.68,0.60,36.34,2.88,36.08,16.77,35.40,1.08,,,,,35.42,1.32,35.09,1.48,35.82,2.47,36.91,14.73,35.88,0.60,35.81,4.10,37.66,40.70,36.63,4.63,36.11,2.05,37.74,48.65,36.57,40.62,37.18,42.40,,,,,,,,,37.68,59.93,36.49,8.53,,,36.60,4.83,35.06,0.92,,,,,,,,,36.36,0.95,,,,,34.84,1.18,35.27,0.88,35.48,1.03,35.42,1.20,36.48,2.40,35.72,4.72,37.15,34.32,36.30,11.77,37.07,3.47,37.61,36.77,,,,,35.43,1.35,38.65,15.93,35.26,1.60,34.95,0.68,,,36.84,5.00,35.74,2.93,37.71,23.98,37.67,28.42,35.17,2.22,37.19,13.70,37.49,14.15,34.84,0.08,36.90,8.07,35.95,4.48,37.79,36.48,35.62,0.32,35.53,0.25,34.85,1.43,36.10,15.78,34.80,1.03,36.88,7.63,36.67,12.62,35.41,1.48,36.24,15.87,36.16,2.10,36.95,9.52,37.07,15.65,37.63,21.02,35.32,1.70,35.70,4.63,35.65,3.73,35.61,2.07,35.35,3.58,,,35.71,8.48,36.03,2.28,34.20,2.15,36.18,3.98,35.66,0.82,37.01,25.08,37.06,5.67,36.21,3.15,36.52,11.92,36.67,11.33,35.70,2.32,35.75,2.97,34.89,1.27,36.97,42.92,36.17,2.23,36.24,1.40,38.31,25.88,35.31,0.80,36.00,9.27,37.13,38.98,35.32,0.47,34.81,2.27,36.60,6.50
36.60,19.42,37.04,25.07,36.14,0.90,35.67,7.78,,,,,35.68,2.23,35.50,0.98,37.27,12.48,35.50,2.20,35.18,0.78,37.25,30.12,37.47,35.13,35.16,0.15,37.15,13.12,37.55,44.40,36.37,35.07,37.31,48.03,,,,,,,,,37.67,57.50,35.65,6.57,,,35.23,0.68,35.46,4.50,,,,,,,,,35.47,0.72,,,,,35.84,18.88,35.41,1.83,35.63,2.32,35.30,1.80,35.18,1.68,36.19,14.25,37.38,44.18,36.32,1.17,37.42,16.27,37.72,35.78,,,,,36.30,15.17,37.90,15.27,35.41,3.75,35.35,2.73,,,37.74,24.30,36.03,6.92,37.03,14.17,36.33,3.07,34.92,1.25,35.92,1.87,36.32,0.40,36.33,28.00,35.40,0.65,36.65,11.53,37.88,34.62,35.77,3.33,35.35,1.62,36.27,21.70,37.69,28.58,35.06,2.68,35.65,0.88,35.40,0.82,35.47,0.70,38.28,31.45,35.79,1.77,35.47,1.02,37.85,19.82,37.72,19.95,35.02,1.63,36.47,1.20,35.70,1.35,35.50,1.58,36.33,14.55,,,35.70,0.60,36.01,2.73,35.21,5.02,36.14,9.63,37.13,23.60,36.71,18.75,36.48,6.60,37.25,21.12,35.33,1.45,37.30,18.78,34.82,2.33,35.31,0.33,35.35,4.25,37.75,56.15,36.60,13.35,37.11,9.02,38.09,28.37,35.11,0.75,37.65,57.23,36.38,10.67,35.32,5.23,34.75,0.62,35.38,2.82
36.31,2.80,36.67,22.22,35.55,0.93,36.93,25.45,,,,,35.81,1.30,35.76,2.65,36.97,3.23,34.92,0.13,35.19,7.85,37.46,16.10,37.75,37.85,35.30,7.75,36.63,1.72,37.59,34.12,36.44,21.37,36.97,24.00,,,,,,,,,37.24,54.10,36.60,25.03,,,35.89,10.57,37.70,39.08,,,,,,,,,35.74,0.37,,,,,37.96,43.18,36.83,36.70,36.84,21.93,36.33,17.85,35.36,3.87,37.34,19.63,37.57,62.43,36.81,19.32,38.34,28.40,37.29,30.58,,,,,36.12,1.02,38.59,18.50,37.92,35.93,37.94,30.53,,,37.89,15.68,37.47,33.92,35.55,0.45,34.90,0.92,36.79,17.42,35.71,0.92,35.29,1.38,37.98,30.83,35.66,2.32,35.85,1.23,38.03,26.58,36.39,1.18,36.77,25.30,37.06,19.13,36.34,5.08,35.96,7.45,34.64,4.10,34.61,1.82,35.41,2.55,38.11,29.38,35.99,1.43,35.35,1.33,37.47,12.47,37.72,18.72,36.33,22.35,35.88,1.48,35.87,6.55,35.90,5.05,36.35,2.85,,,35.56,6.55,36.22,6.48,35.01,1.00,36.76,3.07,37.85,25.05,35.73,0.43,37.00,28.12,37.04,6.40,34.61,1.28,37.81,33.02,35.62,8.85,35.80,4.60,35.95,3.47,37.50,49.50,35.82,3.07,37.66,4.03,37.65,22.42,35.44,0.72,37.31,31.75,36.08,0.67,36.28,12.35,35.36,9.50,36.14,11.10
36.60,14.93,36.91,22.30,35.55,1.90,36.55,1.63,,,,,35.79,0.50,35.89,13.13,35.64,1.03,36.51,26.00,36.05,4.27,36.85,7.67,37.65,31.95,36.87,26.00,36.09,2.07,37.08,16.35,35.64,8.53,36.96,48.52,,,,,,,,,37.14,41.47,36.76,2.87,,,37.44,18.12,37.97,34.68,,,,,,,,,36.86,20.02,,,,,38.08,39.38,37.48,32.70,37.71,20.82,38.00,41.38,36.28,20.58,37.56,38.67,36.87,19.55,38.23,24.83,38.21,21.33,36.49,4.07,,,,,35.46,3.10,37.97,18.45,38.15,21.35,38.06,21.42,,,38.09,22.20,36.48,1.50,34.95,1.07,34.92,0.77,37.07,6.48,36.78,22.92,35.65,3.38,38.19,43.85,36.20,16.78,35.71,5.37,37.71,20.77,36.54,9.13,37.87,22.68,36.04,3.90,37.17,26.93,37.49,14.65,36.74,22.12,36.80,18.52,35.61,3.50,38.19,28.90,35.61,2.38,35.49,1.40,36.70,5.37,37.47,6.42,37.60,26.27,36.52,17.77,36.70,14.23,35.68,4.60,35.49,0.25,,,37.31,14.83,37.41,18.83,35.10,4.52,35.80,1.85,38.47,39.52,34.87,2.15,36.86,4.82,36.76,13.18,36.45,23.75,37.31,12.82,35.39,0.60,35.70,0.65,37.31,13.22,37.47,54.08,37.73,27.92,36.77,2.18,36.86,5.90,35.46,2.95,37.51,42.13,35.32,1.17,36.09,0.98,36.70,19.00,37.43,31.28
36.71,4.18,36.75,19.60,35.98,4.93,35.64,2.05,,,,,35.57,1.90,37.99,52.33,36.01,12.07,38.01,29.52,35.32,0.55,35.49,1.43,37.83,26.50,36.58,5.53,36.27,2.23,35.76,1.13,35.31,3.05,36.70,22.88,,,,,,,,,36.78,20.53,36.42,10.50,,,37.34,25.45,37.93,46.02,,,,,,,,,36.88,2.05,,,,,38.17,41.17,37.67,52.25,38.07,33.75,37.49,17.68,37.53,47.77,37.48,20.35,36.74,19.37,38.21,26.93,38.35,20.37,35.61,2.53,,,,,36.64,19.98,37.77,29.00,38.15,25.13,38.15,19.97,,,37.68,11.43,35.67,2.13,35.13,1.75,36.15,18.85,35.60,2.00,37.65,23.10,37.50,24.20,37.50,19.05,37.45,27.13,36.13,2.93,37.00,12.03,38.22,36.78,37.66,17.98,34.92,0.28,37.91,28.73,37.36,15.73,37.42,21.43,37.23,11.35,35.69,1.63,38.02,27.93,36.61,24.88,35.58,3.75,35.88,9.03,36.33,5.38,37.63,21.70,38.37,28.55,37.67,20.98,37.10,13.17,35.72,3.23,,,35.87,0.37,37.81,24.55,35.05,4.93,36.02,9.53,37.93,29.70,35.32,3.15,36.10,0.90,38.23,29.57,37.84,46.38,36.35,1.00,34.64,1.37,35.64,1.82,36.35,1.05,37.51,52.20,38.33,18.43,36.56,2.08,35.57,0.97,35.78,2.27,37.44,37.42,35.73,7.47,35.72,2.57,35.71,2.13,37.59,15.13
35.71,3.15,36.54,17.57,36.31,0.12,36.19,0.55,,,,,36.59,19.10,38.34,38.82,37.18,27.43,37.87,36.55,34.97,0.63,35.37,2.70,37.26,20.55,35.51,0.28,36.96,19.33,35.52,0.93,35.87,2.92,36.37,3.62,,,,,,,,,35.57,4.27,38.07,62.50,,,36.77,10.20,37.69,36.40,,,,,,,,,35.55,0.15,,,,,37.80,27.85,37.06,19.38,38.06,25.03,37.73,19.40,37.48,32.48,36.77,13.17,35.61,2.50,38.42,21.07,38.04,19.37,35.21,0.65,,,,,37.89,18.30,37.15,25.52,37.04,15.97,38.14,25.12,,,37.69,24.03,35.89,2.50,36.15,14.77,38.11,46.43,35.04,2.97,37.72,26.75,37.29,8.83,36.29,0.20,37.56,23.35,37.61,28.83,35.54,1.83,38.27,34.62,36.91,9.03,35.69,14.15,38.20,38.35,37.11,7.63,36.45,7.63,36.21,2.90,35.63,1.08,37.87,31.88,37.69,28.40,37.40,31.55,37.79,20.73,36.14,1.65,37.14,15.42,38.28,32.88,37.73,30.83,35.74,0.93,35.26,0.00,,,35.34,0.72,38.06,23.75,37.06,16.73,36.38,4.02,37.90,30.43,36.41,26.80,36.19,10.47,38.33,33.20,37.97,57.68,36.13,6.83,35.12,9.80,37.16,19.78,35.51,1.57,37.12,29.65,38.58,27.98,36.75,11.97,35.79,0.28,36.11,7.03,37.10,22.70,37.58,35.70,35.93,3.75,37.32,38.58,36.59,1.43
36.35,12.32,36.80,6.80,36.56,2.18,36.21,13.67,,,,,38.14,32.22,37.93,29.30,36.64,6.73,36.92,12.92,35.86,3.83,37.26,18.72,36.19,1.72,35.53,1.30,37.69,21.73,35.81,3.00,35.96,1.45,35.28,0.88,,,,,,,,,35.25,0.00,37.96,20.63,,,35.51,2.28,36.32,1.77,,,,,,,,,35.41,1.95,,,,,36.72,8.50,36.07,9.93,37.33,14.72,37.41,19.92,36.64,16.18,38.26,39.33,34.91,1.48,37.09,6.25,37.73,23.75,35.72,5.97,,,,,37.36,12.78,36.00,1.32,35.44,1.73,37.56,20.57,,,37.41,17.07,37.12,9.22,37.86,23.92,37.78,29.58,37.37,23.15,38.02,34.00,36.35,2.62,35.53,3.03,37.91,24.33,37.41,14.60,35.48,1.23,39.23,44.10,36.91,13.13,37.51,24.08,38.17,38.83,37.51,28.18,35.25,0.53,35.29,0.00,36.35,9.82,37.37,20.02,37.82,30.40,38.28,41.80,35.96,0.37,36.35,5.35,36.13,1.75,37.78,17.07,37.64,26.08,35.15,1.98,36.84,21.88,,,35.36,2.00,38.07,22.98,37.11,10.45,36.54,3.15,38.33,46.20,37.14,35.73,37.43,23.22,37.79,19.47,37.88,56.15,38.06,25.37,36.54,35.10,37.91,17.05,35.82,2.42,37.59,39.37,38.52,27.00,38.48,27.65,35.76,1.85,36.63,15.57,36.91,16.02,36.33,5.08,36.20,4.78,37.65,68.55,36.57,16.35
35.79,1.98,36.17,17.72,36.50,9.67,37.17,20.03,,,,,38.03,28.88,37.69,27.35,36.54,16.37,36.95,22.73,37.13,26.12,36.40,2.20,35.29,4.00,36.13,9.17,37.08,14.45,35.24,0.00,35.63,0.88,35.67,3.12,,,,,,,,,35.48,7.90,36.91,10.43,,,35.28,0.90,35.13,1.40,,,,,,,,,35.70,0.93,,,,,35.55,2.23,37.62,31.12,36.00,1.27,36.72,7.98,37.48,38.18,38.23,43.82,34.82,1.30,36.06,0.87,37.24,7.95,36.15,1.87,,,,,37.31,22.37,37.02,19.55,35.38,2.63,38.03,14.35,,,35.90,0.63,37.08,14.53,36.93,4.42,36.27,3.78,37.64,17.03,37.79,30.22,36.85,16.68,36.42,8.30,36.57,3.08,36.27,3.60,35.58,0.98,38.86,44.10,35.93,1.03,37.59,19.62,37.64,25.10,37.70,23.47,36.69,23.13,35.55,4.40,37.68,23.82,36.41,4.08,37.66,23.18,37.97,24.93,35.28,0.02,37.72,23.92,35.85,2.13,38.09,30.93,37.32,9.63,35.18,0.65,37.58,17.60,,,36.09,8.53,37.67,19.02,36.81,10.75,36.37,13.73,38.19,43.87,36.94,21.93,37.36,8.37,37.78,25.73,38.12,48.25,37.41,13.13,36.62,10.37,37.94,23.00,36.80,10.35,37.21,22.98,38.37,24.73,38.01,18.63,36.76,16.23,37.11,12.63,37.05,26.85,36.81,19.18,36.58,10.23,37.30,26.40,37.03,15.10
36.27,23.90,36.46,23.07,36.74,24.32,36.42,3.05,,,,,37.79,23.67,36.79,2.47,37.26,21.65,35.66,0.48,37.68,22.90,35.33,0.23,37.02,25.27,37.92,24.65,36.96,19.40,35.40,2.93,35.64,5.85,35.67,5.25,,,,,,,,,36.36,36.03,35.83,3.83,,,34.78,4.47,35.18,2.38,,,,,,,,,35.68,1.80,,,,,35.28,1.10,36.59,4.77,36.19,9.67,36.44,16.48,37.38,21.88,38.11,42.02,35.56,15.03,36.23,0.45,35.67,0.98,35.77,1.75,,,,,36.83,4.67,36.28,1.85,37.08,27.45,36.07,0.72,,,35.40,1.15,37.84,18.80,35.63,0.35,35.23,0.00,35.91,1.42,37.61,33.08,37.58,17.92,36.56,16.12,36.73,27.85,35.79,1.45,35.92,2.70,38.73,36.33,35.35,1.52,36.91,8.92,36.52,11.73,35.75,1.12,36.33,3.83,37.56,25.73,37.82,22.33,35.72,1.45,36.83,9.48,36.24,1.48,35.47,2.27,37.42,13.28,35.74,3.53,37.05,10.97,36.05,1.58,35.16,1.68,36.99,12.05,,,35.71,1.72,37.05,15.27,36.46,18.47,36.63,7.33,38.06,37.62,36.26,2.98,36.18,4.60,37.26,13.42,38.09,43.28,36.08,0.63,36.19,0.58,37.66,23.13,37.92,34.52,36.04,0.83,37.84,21.83,38.00,20.97,36.87,7.47,36.89,0.42,36.05,2.32,36.49,2.20,37.49,26.35,36.80,8.47,36.30,1.33
36.08,2.53,36.26,16.68,36.36,19.37,35.61,0.67,,,,,36.87,5.28,35.57,0.82,36.39,8.73,34.95,0.37,36.46,0.23,35.86,3.18,36.31,1.32,38.13,30.13,37.08,18.77,35.71,1.78,36.00,10.25,35.63,6.83,,,,,,,,,36.73,17.33,35.64,0.63,,,36.48,14.87,34.92,0.37,,,,,,,,,36.57,12.87,,,,,35.01,0.00,35.74,4.05,36.05,1.00,37.86,24.82,36.05,4.02,37.88,36.13,35.81,3.73,37.48,12.82,35.38,2.30,35.89,0.62,,,,,35.82,3.68,35.05,0.52,37.67,24.48,36.12,3.35,,,35.68,3.82,37.28,6.07,35.27,0.20,35.36,0.37,35.39,3.45,36.78,8.90,35.98,1.48,37.95,36.67,36.74,13.25,35.23,0.27,35.77,0.75,38.68,40.57,35.34,1.23,35.77,2.68,35.13,2.63,35.21,2.35,35.41,3.20,37.08,12.12,37.80,18.55,35.43,2.13,35.37,1.05,37.01,25.75,35.40,1.85,36.16,1.82,36.12,6.15,35.77,0.50,36.25,4.98,36.40,13.72,35.93,1.42,,,35.25,0.00,35.82,1.02,36.85,11.17,37.62,30.25,37.80,36.18,35.72,13.50,36.87,7.73,36.07,0.32,37.09,17.58,35.70,0.38,36.12,1.37,37.30,23.42,36.93,7.30,35.79,0.90,36.87,2.95,37.71,24.18,35.70,0.30,37.24,27.27,35.67,0.47,35.83,1.33,37.46,32.05,35.59,0.08,35.73,0.60
35.20,1.83,36.37,4.85,36.22,20.75,35.39,0.82,,,,,35.71,1.17,35.60,1.18,35.26,0.53,35.07,0.47,35.71,1.75,35.53,1.02,35.65,0.47,37.58,17.90,36.97,8.55,35.31,0.63,36.39,24.40,36.39,19.98,,,,,,,,,35.38,1.80,36.13,22.83,,,35.94,0.77,34.84,0.82,,,,,,,,,36.87,6.12,,,,,35.20,1.63,35.79,1.47,35.83,4.18,37.25,19.77,35.35,3.73,37.58,34.72,34.81,0.53,36.43,0.87,35.12,1.18,35.98,10.68,,,,,36.26,5.83,36.43,22.03,36.54,5.25,36.01,8.05,,,36.66,21.68,35.88,1.75,35.35,1.00,35.36,1.75,36.81,11.50,35.38,0.10,35.44,2.18,38.04,50.40,35.35,0.83,35.40,1.10,35.74,1.02,38.40,34.03,35.28,2.62,35.26,0.38,34.89,1.57,35.18,0.68,35.26,3.53,35.96,1.53,37.47,24.28,35.46,1.18,35.46,3.38,37.35,13.77,35.58,0.78,35.74,0.40,37.17,22.87,35.48,0.15,37.79,27.90,35.93,1.80,35.74,8.73,,,35.13,1.47,35.56,1.02,36.09,5.73,37.78,24.93,37.43,24.45,36.03,1.57,35.97,0.50,35.72,1.98,35.44,3.88,35.51,2.42,36.24,16.73,36.29,3.70,35.83,0.18,36.09,13.30,35.89,1.07,37.12,16.02,35.72,1.53,37.08,27.77,35.13,0.00,35.96,1.47,37.48,28.78,36.16,11.43,35.71,3.12
35.23,3.62,35.41,1.33,35.79,12.12,35.60,1.07,,,,,35.68,1.87,35.79,2.58,35.25,2.35,35.68,14.82,35.71,1.78,35.41,0.67,35.63,0.28,36.58,2.80,35.75,0.82,36.52,24.68,36.28,27.02,35.87,9.43,,,,,,,,,34.96,2.23,37.04,27.63,,,34.98,1.55,34.98,4.08,,,,,,,,,35.55,1.30,,,,,35.19,0.45,35.82,2.07,36.71,15.42,36.05,3.78,35.26,0.40,36.13,3.42,34.68,0.45,36.08,7.85,35.56,4.82,37.30,29.00,,,,,35.64,3.53,36.06,2.90,35.99,1.98,36.02,3.02,,,36.30,7.40,35.59,1.62,36.30,10.67,35.75,2.93,35.82,2.85,35.53,1.73,35.51,0.37,37.69,29.17,35.45,0.12,35.47,1.38,35.75,4.62,37.83,23.98,35.18,0.35,35.70,11.57,36.43,25.22,35.10,6.90,36.17,11.62,35.30,0.45,36.74,8.57,35.52,2.67,36.03,11.20,35.83,1.80,35.82,3.05,36.16,2.80,36.48,4.73,35.33,1.30,37.48,25.40,34.85,2.10,35.89,4.63,,,35.07,0.30,35.47,2.08,35.88,0.35,36.59,5.68,36.26,1.18,35.52,3.45,35.60,4.67,35.68,0.05,35.21,1.20,35.32,1.73,35.62,0.87,35.42,1.27,36.02,2.00,37.32,55.40,36.19,9.70,36.04,3.13,35.47,0.18,37.12,21.67,35.42,3.35,35.70,0.47,37.24,25.03,36.48,5.57,35.86,1.83
36.17,16.90,36.12,2.53,35.81,10.03,35.46,1.98,,,,,35.68,0.23,36.46,16.30,36.47,13.62,36.49,8.72,36.71,24.35,35.60,0.60,35.48,2.43,35.65,1.05,35.54,10.08,36.98,20.78,35.81,13.82,36.78,24.87,,,,,,,,,35.92,21.67,36.26,1.60,,,35.13,1.93,35.36,2.15,,,,,,,,,35.46,0.45,,,,,35.85,14.22,35.81,1.40,35.76,0.58,35.47,0.78,35.25,0.85,35.28,2.37,34.47,2.50,38.39,25.37,36.99,9.70,36.79,5.45,,,,,35.42,0.68,35.38,1.40,36.35,9.45,35.55,0.00,,,35.36,0.87,35.65,3.52,35.53,0.98,35.35,3.27,35.31,0.82,35.56,1.15,35.38,1.55,35.66,0.52,35.30,1.43,35.53,1.15,36.38,12.60,36.47,3.38,35.14,0.00,36.86,19.97,35.99,4.50,35.84,4.15,35.69,0.22,35.84,13.18,35.65,0.95,35.32,2.77,35.61,1.03,35.43,0.58,35.33,1.03,35.58,0.53,35.66,0.42,35.68,2.50,36.20,5.62,34.97,0.13,35.46,0.47,,,35.04,1.13,35.40,1.32,35.37,0.48,35.16,0.30,36.04,0.52,36.25,4.60,37.08,14.27,36.13,16.73,35.15,2.77,35.70,3.90,35.08,0.35,35.77,0.80,35.96,4.10,36.54,11.38,37.35,22.83,35.64,1.10,36.01,9.95,36.40,13.47,35.09,1.35,36.07,8.93,36.82,20.43,35.50,2.28,35.58,0.28
36.19,2.13,36.00,2.55,35.65,0.50,35.65,8.22,,,,,35.45,0.68,35.82,0.90,36.04,0.23,35.25,0.00,37.85,40.98,35.46,1.20,36.65,8.83,35.59,0.00,36.63,5.03,36.23,4.37,35.47,2.32,36.90,22.05,,,,,,,,,35.89,4.77,35.52,0.00,,,,,35.12,3.76,,,,,,,,,35.18,0.58,,,,,37.46,29.12,36.71,27.18,35.20,2.07,35.16,2.85,36.06,9.40,35.44,1.78,35.69,15.25,38.32,19.71,35.96,1.58,35.96,3.78,,,,,35.77,4.03,35.10,1.90,35.74,0.72,35.52,0.73,,,35.11,1.50,35.68,1.92,35.47,3.95,35.26,0.93,36.52,9.68,35.34,0.78,35.76,4.68,35.05,3.27,35.64,4.93,35.42,3.78,35.65,1.13,35.20,0.92,35.22,1.15,35.62,0.73,35.07,1.33,35.41,1.60,35.41,0.78,36.38,10.72,35.58,1.53,35.32,0.35,35.53,0.78,35.50,2.42,35.32,1.72,35.75,4.78,35.40,0.73,35.44,0.38,35.82,2.73,35.05,3.12,35.21,0.28,,,35.24,3.45,35.30,1.95,35.50,3.68,35.56,4.80,35.99,0.45,35.58,0.05,36.37,4.07,36.90,18.55,35.13,2.58,35.61,0.87,35.30,2.72,35.64,1.37,35.42,1.28,35.40,0.65,36.47,1.07,35.57,0.63,37.00,14.73,36.11,4.85,35.67,12.83,36.50,8.33,36.60,28.73,35.32,1.78,35.57,0.75
